Page ID,Title,URL,Provincie,PLACE_ID,NAME_FOUND,FORMATTED_ADDRESS,TYPES,BUSINESS_STATUS,OPEN_NOW,OPENING_HOURS_TEXT,MON,TUE,WED,THU,FRI,SAT,SUN,CAN_VISIT,API_STATUS,ERROR_MESSAGE,QUERY_USED,SOURCE
1351,Kastelen per provincie,https://kastelenbelgie.be/nl/kastelen-per-provincie/,-,,,,,,,,,,,,,,,,SKIPPED_INDEX,,,
1260,Kastelen in luik,https://kastelenbelgie.be/nl/kastelen-luik/,Luik,,,,,,,,,,,,,,,,SKIPPED_INDEX,,,
354,Kasteel engelhof,https://kastelenbelgie.be/nl/kasteel-engelhof-houthalen/,Luik,ChIJ4YgVpIfYwEcROLY6-aVZxVg,Kasteel Engelhof,"Hengelhoefdreef 2, 3530 Houthalen-Helchteren","establishment,point_of_interest",OPERATIONAL,,,,,,,,,,yes,OK,,"Kasteel engelhof, Luik, België",GOOGLE_PLACES
353,Kasteel Beauregard,https://kastelenbelgie.be/nl/kasteel-beauregard-froyennes/,Luik,ChIJg32qFBI9wkcRnH8JNQ_K-SU,Château Beauregard,"Beauregard, 6530 Thuin","establishment,point_of_interest",OPERATIONAL,,,,,,,,,,yes,OK,,"Kasteel Beauregard, Luik, België",GOOGLE_PLACES
352,Kasteel karreveld,https://kastelenbelgie.be/nl/kasteel-karreveld-te-sint-jans-molenbeek/,Luik,ChIJpxgMN-PDw0cRudiYpvhfQOg,Kasteelhoeve Karreveld,"Jean de la Hoeselaan 32, 1080 Sint-Jans-Molenbeek","establishment,point_of_interest,tourist_attraction",OPERATIONAL,FALSE,maandag: 08:30–17:00 | dinsdag: 08:30–17:00 | woensdag: 08:30–18:00 | donderdag: 08:30–18:00 | vrijdag: 08:30–18:00 | zaterdag: 08:30–18:00 | zondag: 08:30–18:00,08:30–17:00,08:30–17:00,08:30–18:00,08:30–18:00,08:30–18:00,08:30–18:00,08:30–18:00,yes,OK,,"Kasteel karreveld, Luik, België",GOOGLE_PLACES
351,Kasteel van wegimont,https://kastelenbelgie.be/nl/kasteel-van-wegimont-ayeneux-soumagne/,Luik,ChIJV9ZMwIX0wEcRkqSleNQDFfE,Château de Wégimont,4630 Liège,"establishment,point_of_interest",OPERATIONAL,FALSE,maandag: 09:00–17:00 | dinsdag: 09:00–17:00 | woensdag: 09:00–17:00 | donderdag: 09:00–17:00 | vrijdag: 09:00–17:00 | zaterdag: 09:00–17:00 | zondag: 09:00–17:00,09:00–17:00,09:00–17:00,09:00–17:00,09:00–17:00,09:00–17:00,09:00–17:00,09:00–17:00,yes,OK,,"Kasteel van wegimont, Luik, België",GOOGLE_PLACES
350,Kasteel ter lucht,https://kastelenbelgie.be/nl/kasteel-ter-lucht-sint-andries/,Luik,ChIJhze3yX37wEcRVr9xfIQtxNM,Kasteel van Waroux,"Rue de Waroux 301, 4432 Ans","establishment,point_of_interest,tourist_attraction",OPERATIONAL,FALSE,maandag: Gesloten | dinsdag: 14:00–18:00 | woensdag: 14:00–18:00 | donderdag: 14:00–18:00 | vrijdag: 14:00–18:00 | zaterdag: 14:00–18:00 | zondag: 14:00–18:00,Gesloten,14:00–18:00,14:00–18:00,14:00–18:00,14:00–18:00,14:00–18:00,14:00–18:00,yes,OK,,"Kasteel ter lucht, Luik, België",GOOGLE_PLACES
349,Hof ter borght,https://kastelenbelgie.be/nl/hof-ter-borght-westmeerbeek/,Luik,ChIJy0I0e7NawUcRAD6V0hxW4BM,Hof ter Borght,"Heide 41, 2235 Hulshout","establishment,point_of_interest",OPERATIONAL,,,,,,,,,,yes,OK,,"Hof ter borght, Luik, België",GOOGLE_PLACES
348,Kasteel van Durbuy,https://kastelenbelgie.be/nl/kasteel-van-durbuy-durbuy/,Luik,ChIJfzOs_XlPwEcRGUy7_D_kFIM,Kasteel van Durbuy,6940 Durbuy,"establishment,point_of_interest",OPERATIONAL,,,,,,,,,,yes,OK,,"Kasteel van Durbuy, Luik, België",GOOGLE_PLACES
347,Kasteel van fougeraie,https://kastelenbelgie.be/nl/kasteel-van-fougeraie-te-ukkel/,Luik,ChIJi_U_v2AAwUcR2b2LplIljfw,Kasteel van Jehay,"Rue du Parc 1, 4540 Amay","establishment,museum,park,point_of_interest,tourist_attraction",OPERATIONAL,FALSE,maandag: 11:00–18:00 | dinsdag: 11:00–18:00 | woensdag: 11:00–18:00 | donderdag: 11:00–18:00 | vrijdag: 11:00–18:00 | zaterdag: 11:00–18:00 | zondag: 11:00–18:00,11:00–18:00,11:00–18:00,11:00–18:00,11:00–18:00,11:00–18:00,11:00–18:00,11:00–18:00,yes,OK,,"Kasteel van fougeraie, Luik, België",GOOGLE_PLACES
346,Kasteel Mohimont,https://kastelenbelgie.be/nl/kasteel-mohimont-villers-devant-orval/,Luik,ChIJV9ZMwIX0wEcRkqSleNQDFfE,Château de Wégimont,4630 Liège,"establishment,point_of_interest",OPERATIONAL,FALSE,maandag: 09:00–17:00 | dinsdag: 09:00–17:00 | woensdag: 09:00–17:00 | donderdag: 09:00–17:00 | vrijdag: 09:00–17:00 | zaterdag: 09:00–17:00 | zondag: 09:00–17:00,09:00–17:00,09:00–17:00,09:00–17:00,09:00–17:00,09:00–17:00,09:00–17:00,09:00–17:00,yes,OK,,"Kasteel Mohimont, Luik, België",GOOGLE_PLACES
345,Kasteel van Orval,https://kastelenbelgie.be/nl/kasteel-van-orval-villers-devant-orval/,Luxemburg,ChIJQRHeDACN6kcR0pepCH9AVFI,Kasteel van Orval,"Orval 5, 6823 Florenville","establishment,point_of_interest",OPERATIONAL,,,,,,,,,,yes,OK,,"Kasteel van Orval, Luxemburg, België",GOOGLE_PLACES
344,Kasteel van Templeuve,https://kastelenbelgie.be/nl/kasteel-van-templeuve-templeuve/,Henegouwen,ChIJ3WfQwE8nw0cRK6w2ST0dC1w,Templeuve Castle,7520 Tournai,"establishment,point_of_interest",OPERATIONAL,,,,,,,,,,yes,OK,,"Kasteel van Templeuve, Henegouwen, België",GOOGLE_PLACES
343,Kasteel van biez,https://kastelenbelgie.be/nl/kasteel-van-biez-peruwelz/,Namen,ChIJIxKfz6WZwUcR27rOS7xQLrw,Château De Beez,"Av. du Chateau de Beez, 5000 Namur","establishment,food,lodging,point_of_interest",OPERATIONAL,TRUE,maandag: 24 uur geopend | dinsdag: 24 uur geopend | woensdag: 24 uur geopend | donderdag: 24 uur geopend | vrijdag: 24 uur geopend | zaterdag: 24 uur geopend | zondag: 24 uur geopend,24 uur geopend,24 uur geopend,24 uur geopend,24 uur geopend,24 uur geopend,24 uur geopend,24 uur geopend,yes,OK,,"Kasteel van biez, Namen, België",GOOGLE_PLACES
342,Kasteel van Roumont,https://kastelenbelgie.be/nl/kasteel-van-roumont-roumont/,Antwerpen,ChIJ1-9XLpcowkcRZRcSHXdIe5o,Château Mondron (XIXe siècle),"Chau. du Château Mondron 159, 6040 Charleroi","establishment,point_of_interest",OPERATIONAL,FALSE,maandag: 08:30–16:30 | dinsdag: 08:30–16:30 | woensdag: 08:30–16:30 | donderdag: 08:30–16:30 | vrijdag: 08:30–16:30 | zaterdag: Gesloten | zondag: Gesloten,08:30–16:30,08:30–16:30,08:30–16:30,08:30–16:30,08:30–16:30,Gesloten,Gesloten,yes,OK,,"Kasteel van Roumont, Antwerpen, België",GOOGLE_PLACES
341,Kasteel van rethy,https://kastelenbelgie.be/nl/kasteel-van-rethy-retie/,Limburg,ChIJAQBEbNMbwUcRKnzppZ7CajM,Kasteel van Rijkel,"Dionysius van Leeuwenstraat 23, 3840 Tongeren-Borgloon","establishment,point_of_interest",OPERATIONAL,,,,,,,,,,yes,OK,,"Kasteel van rethy, Limburg, België",GOOGLE_PLACES
340,Kasteel van wijer,https://kastelenbelgie.be/nl/kasteel-van-wijer-te-wijer-gemeente-nieuwerkerken/,Antwerpen,ChIJrazDewAYwUcRr7VWMQkYKyg,Castle of Wijer,"Grotestraat 205, 3850 Nieuwerkerken","establishment,point_of_interest",OPERATIONAL,,,,,,,,,,yes,OK,,"Kasteel van wijer, Antwerpen, België",GOOGLE_PLACES
339,Kasteel van bouchout,https://kastelenbelgie.be/nl/kasteel-van-bouchout-te-meise/,Antwerpen,ChIJSZMhvgbCw0cR479ZPP0Cskw,Kasteel van Bouchout,1860 Meise,"establishment,point_of_interest,tourist_attraction",OPERATIONAL,FALSE,maandag: 10:00–17:00 | dinsdag: 10:00–17:00 | woensdag: 10:00–17:00 | donderdag: 10:00–17:00 | vrijdag: 10:00–17:00 | zaterdag: 10:00–17:00 | zondag: 10:00–17:00,10:00–17:00,10:00–17:00,10:00–17:00,10:00–17:00,10:00–17:00,10:00–17:00,10:00–17:00,yes,OK,,"Kasteel van bouchout, Antwerpen, België",GOOGLE_PLACES
338,Kasteel ter borcht,https://kastelenbelgie.be/nl/kasteel-ter-borcht-meulebeke/,Antwerpen,ChIJJ8xbb2A4w0cRCrR0fpkGKNs,Kasteel Ter Borcht,"Baronielaan 27-29, 8760 Tielt","establishment,point_of_interest",OPERATIONAL,,,,,,,,,,yes,OK,,"Kasteel ter borcht, Antwerpen, België",GOOGLE_PLACES
337,Kasteel van heetvelde,https://kastelenbelgie.be/nl/kasteel-van-heetvelde-te-oetingen/,Vlaams-Brabant,ChIJ4fzg-ny6w0cREnIQJsXD2FM,Kasteel van Heetvelde,"Oude Heerbaan 83, 1755 Pajottegem","establishment,point_of_interest",OPERATIONAL,,,,,,,,,,yes,OK,,"Kasteel van heetvelde, Vlaams-Brabant, België",GOOGLE_PLACES
336,Kasteel hulsberg,https://kastelenbelgie.be/nl/kasteel-hulsberg-borgloon/,Luxemburg,ChIJ__8zZRwcwUcRTzxJeV6GqnU,Kasteel Hulsberg,"St.-Truidersteenweg 101, 3840 Tongeren-Borgloon","establishment,point_of_interest",OPERATIONAL,,,,,,,,,,yes,OK,,"Kasteel hulsberg, Luxemburg, België",GOOGLE_PLACES
335,Kasteel van Voneche,https://kastelenbelgie.be/nl/kasteel-van-voneche-voneche/,Luxemburg,ChIJIedniTPbwUcRro-RA1kptqY,Château de Vonêche,"Rue Le Parc, 5570 Beauraing","establishment,point_of_interest",OPERATIONAL,,,,,,,,,,yes,OK,,"Kasteel van Voneche, Luxemburg, België",GOOGLE_PLACES
334,Sint-Antoniuskasteel,https://kastelenbelgie.be/nl/sint-antoniuskasteel-celles/,Henegouwen,ChIJCVh0gj3hwkcRlwG-BKMtOek,Kasteel van Antoing,"Pl. Bara, 7640 Antoing","establishment,point_of_interest,tourist_attraction",OPERATIONAL,FALSE,maandag: Gesloten | dinsdag: Gesloten | woensdag: Gesloten | donderdag: 15:00–17:00 | vrijdag: Gesloten | zaterdag: Gesloten | zondag: 15:00–17:00,Gesloten,Gesloten,Gesloten,15:00–17:00,Gesloten,Gesloten,15:00–17:00,yes,OK,,"Sint-Antoniuskasteel, Henegouwen, België",GOOGLE_PLACES
333,Oud kasteel van vichte,https://kastelenbelgie.be/nl/oud-kasteel-van-vichte-vichte/,Vlaams-Brabant,ChIJq6o2Y3c9w0cRAZ0WyWhKpCw,Oud Kasteel Van Vichte,"Oud Kasteel van Vichte, Vichteplaats 46, 8570 Anzegem","establishment,point_of_interest",OPERATIONAL,,,,,,,,,,yes,OK,,"Oud kasteel van vichte, Vlaams-Brabant, België",GOOGLE_PLACES
332,Kasteel terlaemen,https://kastelenbelgie.be/nl/kasteel-terlaemen-te-viversel-zolder-gemeente-heusden-zolder/,Vlaams-Brabant,ChIJIeV_u0ElwUcR3CVF6pPYma8,Kasteel Terlaemen,"Terlaemenlaan 125, 3550 Heusden-Zolder","establishment,point_of_interest",OPERATIONAL,,,,,,,,,,yes,OK,,"Kasteel terlaemen, Vlaams-Brabant, België",GOOGLE_PLACES
331,Kasteel blauw huys,https://kastelenbelgie.be/nl/kasteel-blauw-huys-drongen-gent/,Brussel,ChIJRZ2aC9Nvw0cRDRGJM8FIx-0,Kasteel Blauwhuys,"Bosstraat 85-89, 9031 Gent","establishment,point_of_interest",OPERATIONAL,,,,,,,,,,yes,OK,,"Kasteel blauw huys, Brussel, België",GOOGLE_PLACES
330,Kasteel van wedergrate,https://kastelenbelgie.be/nl/kasteel-van-wedergrate-ninove/,Luxemburg,ChIJcbDulEBxw0cRvttqH71W_y0,Gravensteen,"Sint-Veerleplein 11, 9000 Gent","establishment,point_of_interest,tourist_attraction",OPERATIONAL,FALSE,maandag: 10:00–18:00 | dinsdag: 10:00–18:00 | woensdag: 10:00–18:00 | donderdag: 10:00–18:00 | vrijdag: 10:00–18:00 | zaterdag: 10:00–18:00 | zondag: 10:00–18:00,10:00–18:00,10:00–18:00,10:00–18:00,10:00–18:00,10:00–18:00,10:00–18:00,10:00–18:00,yes,OK,,"Kasteel van wedergrate, Luxemburg, België",GOOGLE_PLACES
329,Kastelen brussel,https://kastelenbelgie.be/nl/kastelen-brussel/,Antwerpen,,,,,,,,,,,,,,,,SKIPPED_INDEX,,,
328,Kasteel van Porcheresse,https://kastelenbelgie.be/nl/kasteel-van-porcheresse-daverdisse/,Limburg,ChIJl4vh1DnXwUcRFR077lc0NV8,Porcheresse's Castle,"Rue Laloux 19, 6929 Daverdisse","establishment,lodging,point_of_interest",OPERATIONAL,,,,,,,,,,yes,OK,,"Kasteel van Porcheresse, Limburg, België",GOOGLE_PLACES
327,De solhof,https://kastelenbelgie.be/nl/de-solhof-aartselaar/,Vlaams-Brabant,ChIJ7YEnb6jxw0cRHZliy3U-6qM,Kasteel Solhof,"Baron van Ertbornstraat 120, 2630 Aartselaar","establishment,lodging,point_of_interest",OPERATIONAL,,,,,,,,,,yes,OK,,"De solhof, Vlaams-Brabant, België",GOOGLE_PLACES
326,Kasteel van wimmertingen,https://kastelenbelgie.be/nl/kasteel-van-wimmertingen-wimmertingen/,Limburg,ChIJ1flK9GYfwUcRsz9_rlbijeA,Castle of Wimmertingen,"Luikersteenweg 741, 3501 Hasselt","establishment,point_of_interest",OPERATIONAL,,,,,,,,,,yes,OK,,"Kasteel van wimmertingen, Limburg, België",GOOGLE_PLACES
325,Kasteel de marnix,https://kastelenbelgie.be/nl/kasteel-de-marnix-te-overijse/,Henegouwen,ChIJTQtSaJ6Sw0cRSTvTw0mB-Ew,Kasteel Marnix de Sainte-Aldegonde,"Kasteelstraat 35, 2880 Bornem","establishment,point_of_interest,tourist_attraction",OPERATIONAL,FALSE,maandag: 13:00–17:00 | dinsdag: Gesloten | woensdag: Gesloten | donderdag: Gesloten | vrijdag: 13:00–17:00 | zaterdag: 13:00–17:00 | zondag: 13:00–17:00,13:00–17:00,Gesloten,Gesloten,Gesloten,13:00–17:00,13:00–17:00,13:00–17:00,yes,OK,,"Kasteel de marnix, Henegouwen, België",GOOGLE_PLACES
324,Kasteel ter motten,https://kastelenbelgie.be/nl/kasteel-ter-motten-te-dilsen/,Oost-Vlaanderen,ChIJl5yIzYfFwEcRQp9ugO9tRLM,Kasteel Ter Motten,"Europalaan 25, 3650 Dilsen-Stokkem","establishment,point_of_interest",OPERATIONAL,,,,,,,,,,yes,OK,,"Kasteel ter motten, Oost-Vlaanderen, België",GOOGLE_PLACES
323,Kasteel van froidcourt,https://kastelenbelgie.be/nl/kasteel-van-froidcourt-stoumont/,West-Vlaanderen,ChIJOzkKU2JmwEcRTYZuJ4LSp-4,Château de Froidcour,"Froidcour 8, 4987 Stoumont","establishment,lodging,point_of_interest",OPERATIONAL,,,,,,,,,,yes,OK,,"Kasteel van froidcourt, West-Vlaanderen, België",GOOGLE_PLACES
322,Kasteel van leeuwergem,https://kastelenbelgie.be/nl/kasteel-van-leeuwergem-leeuwergem-zottegem/,Luxemburg,ChIJEwUD3pigw0cRz0hpXRFmUVw,Kasteel van Leeuwergem,"Kasteel van Leeuwergem, 9620 Zottegem","establishment,natural_feature",,,,,,,,,,,no,OK,,"Kasteel van leeuwergem, Luxemburg, België",GOOGLE_PLACES
321,Kasteel van elverdinge,https://kastelenbelgie.be/nl/kasteel-van-elverdinge-ieper/,Waals-Brabant,ChIJoTrlPBPF3EcRPwyH5SBpl1c,Kasteel van Elverdinge,"Bollemeersstraat 21, 8906 Ieper","establishment,point_of_interest",OPERATIONAL,,,,,,,,,,yes,OK,,"Kasteel van elverdinge, Waals-Brabant, België",GOOGLE_PLACES
320,Kasteel van Tavigny,https://kastelenbelgie.be/nl/kasteel-van-tavigny-tavigny-houffalize/,West-Vlaanderen,,,,,,,,,,,,,,,,ZERO_RESULTS,,"Kasteel van Tavigny, West-Vlaanderen, Belgique",
319,Kasteel de faille,https://kastelenbelgie.be/nl/kasteel-de-faille-brugge/,Limburg,ChIJW8yiSo5Rw0cRlgbbPxapQq4,Castillo de La Faille,"Minnewater 4, 8000 Brugge","establishment,point_of_interest",OPERATIONAL,,,,,,,,,,yes,OK,,"Kasteel de faille, Limburg, België",GOOGLE_PLACES
318,Kasteel ingelmunster,https://kastelenbelgie.be/nl/kasteel-ingelmunster-ingelmunster/,Limburg,ChIJ5YRrFrY5w0cRXFIWHvHD5dM,Kasteel van Ingelmunster,"Stationsstraat, 8770 Ingelmunster","establishment,food,point_of_interest",OPERATIONAL,,,,,,,,,,yes,OK,,"Kasteel ingelmunster, Limburg, België",GOOGLE_PLACES
317,Kasteel oude kluis,https://kastelenbelgie.be/nl/kasteel-oude-kluis-gent/,Namen,ChIJwXovWL12w0cRrS2ps6fxpTE,Kasteel de Oude Kluys,"Gentbruggekouter 7, 9050 Gent","establishment,point_of_interest",OPERATIONAL,,,,,,,,,,yes,OK,,"Kasteel oude kluis, Namen, België",GOOGLE_PLACES
316,Kasteel van bokrijk,https://kastelenbelgie.be/nl/kasteel-van-bokrijk-genk/,Namen,ChIJfziew-UhwUcRdlRDo6te2y8,Kasteel van Bokrijk,"Bokrijklaan 1, 3600 Genk","establishment,point_of_interest,tourist_attraction",OPERATIONAL,,,,,,,,,,yes,OK,,"Kasteel van bokrijk, Namen, België",GOOGLE_PLACES
315,Kasteel van roborst,https://kastelenbelgie.be/nl/kasteel-van-roborst-roborst/,Henegouwen,ChIJ1-Y6ZMc6wkcR70k48x24ANA,Kasteel Bivort,"Rue du Château 1, 6140 Fontaine-l'Évêque","establishment,point_of_interest",OPERATIONAL,,,,,,,,,,yes,OK,,"Kasteel van roborst, Henegouwen, België",GOOGLE_PLACES
314,Kasteel van montjardin,https://kastelenbelgie.be/nl/kasteel-van-montjardin-sougne-remouchamps/,Oost-Vlaanderen,ChIJt39xU5lfwEcRoFTYlUWuB_8,Chateau de Montjardin,"Rue de Trois-Ponts 2, 4920 Aywaille","establishment,point_of_interest",OPERATIONAL,,,,,,,,,,yes,OK,,"Kasteel van montjardin, Oost-Vlaanderen, België",GOOGLE_PLACES
313,Kasteel van montaigle,https://kastelenbelgie.be/nl/kasteel-van-montaigle-falaen/,Luxemburg,ChIJ099Uh3-UwUcR5a-dZheKQlY,Château fort de Montaigle,"Rue du Marteau 10, 5522 Onhaye","establishment,point_of_interest,tourist_attraction",OPERATIONAL,FALSE,maandag: Gesloten | dinsdag: 10:00–17:00 | woensdag: 10:00–17:00 | donderdag: 10:00–17:00 | vrijdag: 10:00–17:00 | zaterdag: 10:00–17:00 | zondag: 10:00–17:00,Gesloten,10:00–17:00,10:00–17:00,10:00–17:00,10:00–17:00,10:00–17:00,10:00–17:00,yes,OK,,"Kasteel van montaigle, Luxemburg, België",GOOGLE_PLACES
312,Kasteel ten bieze,https://kastelenbelgie.be/nl/kasteel-ten-bieze-beerlegem/,Namen,ChIJ-_-IYHcMw0cRDQwTb2VxspI,Kasteel Ten Bieze,"Kasteeldreef 8, 9630 Zwalm","establishment,point_of_interest",OPERATIONAL,,,,,,,,,,yes,OK,,"Kasteel ten bieze, Namen, België",GOOGLE_PLACES
311,Kasteel van kruishoutem,https://kastelenbelgie.be/nl/kasteel-van-kruishoutem-kruishoutem/,Namen,ChIJUc2gf0oTw0cROll9Rf-wQlU,Kasteel van Kruishoutem,9770 Kruisem,"establishment,point_of_interest",OPERATIONAL,,,,,,,,,,yes,OK,,"Kasteel van kruishoutem, Namen, België",GOOGLE_PLACES
310,Kasteel vieux chateau,https://kastelenbelgie.be/nl/kasteel-vieux-chateau-saive-blegny/,Luxemburg,ChIJO4k3b1KM6kcRrG445H3k8CE,Domaine Du Vieux Château,"Pl. du Moulin 7, 6823 Florenville","establishment,lodging,point_of_interest",OPERATIONAL,FALSE,maandag: 09:00–17:00 | dinsdag: 09:00–17:00 | woensdag: 09:00–17:00 | donderdag: 09:00–17:00 | vrijdag: 09:00–17:00 | zaterdag: 09:00–17:00 | zondag: Gesloten,09:00–17:00,09:00–17:00,09:00–17:00,09:00–17:00,09:00–17:00,09:00–17:00,Gesloten,yes,OK,,"Kasteel vieux chateau, Luxemburg, België",GOOGLE_PLACES
309,Kasteel van haltinne,https://kastelenbelgie.be/nl/kasteel-van-haltinne-haltinne/,Waals-Brabant,ChIJo_J-QlqkwUcRHYE7dPLi470,Chateau de Haltinne,"Rue de Haltinne 3-15, 5340 Gesves","establishment,point_of_interest",OPERATIONAL,,,,,,,,,,yes,OK,,"Kasteel van haltinne, Waals-Brabant, België",GOOGLE_PLACES
308,Kasteel van julius caesar,https://kastelenbelgie.be/nl/kasteel-van-julius-caesar-doornik/,Brussel,ChIJGTLFph_Bw0cRcI7xo47m0v0,Kasteel van Groot-Bijgaarden,"Isidoor van Beverenstraat 5, 1702 Dilbeek","establishment,point_of_interest,tourist_attraction",OPERATIONAL,FALSE,maandag: Gesloten | dinsdag: Gesloten | woensdag: Gesloten | donderdag: Gesloten | vrijdag: 00:00–00:02 | zaterdag: Gesloten | zondag: Gesloten,Gesloten,Gesloten,Gesloten,Gesloten,00:00–00:02,Gesloten,Gesloten,yes,OK,,"Kasteel van julius caesar, Brussel, België",GOOGLE_PLACES
307,Kasteel Petite-Somme,https://kastelenbelgie.be/nl/kasteel-petite-somme-petite-somme/,Vlaams-Brabant,ChIJk3I-UFnnw0cR368e5rZGin4,Kasteel de Ribaucourt,"Kasteelhoekstraat 1, 1820 Steenokkerzeel","establishment,point_of_interest",OPERATIONAL,,,,,,,,,,yes,OK,,"Kasteel Petite-Somme, Vlaams-Brabant, België",GOOGLE_PLACES
306,Kasteel van vorst,https://kastelenbelgie.be/nl/kasteel-van-vorst-meerlaer-laakdal/,Luik,ChIJzzwO8nliwUcRMGIRH3QsKxM,Kasteel van der Vorst,3040 Huldenberg,"establishment,point_of_interest",OPERATIONAL,,,,,,,,,,yes,OK,,"Kasteel van vorst, Luik, België",GOOGLE_PLACES
305,Kasteel van veerle,https://kastelenbelgie.be/nl/kasteel-van-veerle-laakdal/,Antwerpen,ChIJi_wY1C9GwUcRJzDe6yKQx6Q,Kasteel van Veerle,"Diestse Baan 62, 2431 Laakdal","establishment,point_of_interest",OPERATIONAL,,,,,,,,,,yes,OK,,"Kasteel van veerle, Antwerpen, België",GOOGLE_PLACES
304,Kasteel eyneburg,https://kastelenbelgie.be/nl/kasteel-eyneburg-hergenrath/,Luik,ChIJJRY6rtebwEcRnxuzV3U1PLk,Eyneburg,"Chem. d'Emmaburg, 4728 Kelmis","establishment,point_of_interest",CLOSED_PERMANENTLY,,,,,,,,,,yes,OK,,"Kasteel eyneburg, Luik, België",GOOGLE_PLACES
303,Kasteel leva,https://kastelenbelgie.be/nl/kasteel-leva-alken/,Luik,ChIJwdVugHgiwUcR45_E81NcJJg,Kasteel Leva,"Onze-Lieve-Vrouwstraat 40, 3570 Alken","establishment,point_of_interest",OPERATIONAL,,,,,,,,,,yes,OK,,"Kasteel leva, Luik, België",GOOGLE_PLACES
302,Kasteel maxburg,https://kastelenbelgie.be/nl/kasteel-maxburg-meer/,Luik,ChIJb6OpVD4dxEcRlqS5SgiQTus,Kasteel Maxburg,"Kasteel Maxburg, 2321 Hoogstraten","establishment,natural_feature",,,,,,,,,,,no,OK,,"Kasteel maxburg, Luik, België",GOOGLE_PLACES
301,Kasteel de hoof teuven,https://kastelenbelgie.be/nl/kasteel-de-hoof-teuven-te-voeren/,Luik,ChIJfZa7s7yTwEcRG4n_zzoEquI,Kasteel van Teuven,"Hoofstraat 15-17, 3793 Voeren","establishment,point_of_interest",OPERATIONAL,TRUE,"maandag: Gesloten | dinsdag: Gesloten | woensdag: 18:00–21:00 | donderdag: 18:00–21:00 | vrijdag: 12:00–14:00, 18:00–21:00 | zaterdag: 18:00–21:00 | zondag: 12:00–14:00, 18:00–21:00",Gesloten,Gesloten,18:00–21:00,18:00–21:00,"12:00–14:00, 18:00–21:00",18:00–21:00,"12:00–14:00, 18:00–21:00",yes,OK,,"Kasteel de hoof teuven, Luik, België",GOOGLE_PLACES
300,Kasteel van wodemont,https://kastelenbelgie.be/nl/kasteel-van-wodemont-neufchateau-luik/,Vlaams-Brabant,ChIJK6vYwec9wUcRyQ_5BihJfJE,Chateau D'Hamont,"Korpse straat 91, 3540 Herk-de-Stad","establishment,point_of_interest",OPERATIONAL,,,,,,,,,,yes,OK,,"Kasteel van wodemont, Vlaams-Brabant, België",GOOGLE_PLACES
299,Kasteel de merode,https://kastelenbelgie.be/nl/kasteel-de-merode-te-dilbeek/,Waals-Brabant,ChIJJS7k3WRPwUcRsDu0_A8y8ts,Kasteel de Merode,"Polderstraat 51, 2260 Westerlo","establishment,point_of_interest",OPERATIONAL,,,,,,,,,,yes,OK,,"Kasteel de merode, Waals-Brabant, België",GOOGLE_PLACES
298,Kasteel van braine le chateau,https://kastelenbelgie.be/nl/kasteel-van-braine-le-chateau-kasteelbrakel/,Henegouwen,ChIJ3cPUp2vLw0cR6ntkzi1l5lE,Kasteel van de Graven van Hornes,"Pl. des Martyrs 1, 1440 Braine-le-Château","establishment,point_of_interest",OPERATIONAL,,,,,,,,,,yes,OK,,"Kasteel van braine le chateau, Henegouwen, België",GOOGLE_PLACES
297,Kasteel van wemmel,https://kastelenbelgie.be/nl/kasteel-van-wemmel-te-wemmel/,Henegouwen,ChIJf3xhsenBw0cR62FJ1tnaxHE,Kasteelpark Wemmel,1780 Wemmel,"establishment,park,point_of_interest",CLOSED_PERMANENTLY,,,,,,,,,,yes,OK,,"Kasteel van wemmel, Henegouwen, België",GOOGLE_PLACES
296,Hof te melis,https://kastelenbelgie.be/nl/hof-te-melis-lippelo/,Luxemburg,ChIJZ2ElR7jsw0cR1QANySb7Vas,Hof te Melis,"Kasteeldreef 32, 2890 Puurs-Sint-Amands","establishment,point_of_interest",OPERATIONAL,,,,,,,,,,yes,OK,,"Hof te melis, Luxemburg, België",GOOGLE_PLACES
295,Het rood kasteel,https://kastelenbelgie.be/nl/het-rood-kasteel-te-linden/,Luxemburg,ChIJF-w2L9lnwUcR9aDdweqtKrs,Het Rood Kasteel,"Diestsesteenweg 29, 3212 Lubbeek","establishment,point_of_interest",OPERATIONAL,,,,,,,,,,yes,OK,,"Het rood kasteel, Luxemburg, België",GOOGLE_PLACES
294,Kastelen in Luxemburg,https://kastelenbelgie.be/nl/kastelen-luxemburg/,Luxemburg,,,,,,,,,,,,,,,,SKIPPED_INDEX,,,
293,Kasteel en park,https://kastelenbelgie.be/nl/kasteel-en-park-ter-rijst-te-heikruis/,Namen,ChIJN5NW0XaZwUcRe0qIPAKGKqs,Citadel van Namen,"Rte Merveilleuse 64, 5000 Namur","establishment,point_of_interest,tourist_attraction",OPERATIONAL,TRUE,maandag: 10:00–18:30 | dinsdag: 10:00–18:30 | woensdag: 10:00–18:30 | donderdag: 10:00–18:30 | vrijdag: 10:00–18:30 | zaterdag: 10:00–18:30 | zondag: 10:00–18:30,10:00–18:30,10:00–18:30,10:00–18:30,10:00–18:30,10:00–18:30,10:00–18:30,10:00–18:30,yes,OK,,"Kasteel en park, Namen, België",GOOGLE_PLACES
292,Kasteel van Habay-la-Neuve,https://kastelenbelgie.be/nl/kasteel-van-habay-la-neuve-habay-la-neuve/,Henegouwen,ChIJP5Wlxj2j6kcRXCfz__eOG7M,Château du Pont D'oye,"Rue du Pont d'Oye 1, 6720 Habay","establishment,lodging,point_of_interest",OPERATIONAL,TRUE,maandag: 07:30–21:00 | dinsdag: 07:30–21:00 | woensdag: 07:30–21:00 | donderdag: 07:30–21:00 | vrijdag: 07:30–21:00 | zaterdag: 07:30–21:00 | zondag: 07:30–21:00,07:30–21:00,07:30–21:00,07:30–21:00,07:30–21:00,07:30–21:00,07:30–21:00,07:30–21:00,yes,OK,,"Kasteel van Habay-la-Neuve, Henegouwen, België",GOOGLE_PLACES
291,Burchtruine van Montquintin,https://kastelenbelgie.be/nl/burchtruine-van-montquintin-montquintin-dampicourt/,Henegouwen,ChIJD0JVvF7r6kcRbJy6i_EPSQs,Burchtruïne van Montquintin,"Rue du Château-Fort, 6767 Rouvroy","establishment,point_of_interest",OPERATIONAL,,,,,,,,,,yes,OK,,"Burchtruine van Montquintin, Henegouwen, België",GOOGLE_PLACES
290,Kasteel van haversin,https://kastelenbelgie.be/nl/kasteel-van-haversin-serinchamps/,Henegouwen,ChIJifTVUgq2wUcRGQW87BE9KK0,Château Jaune,"Rue de BARVAUX 179, 5590 Ciney","establishment,point_of_interest",OPERATIONAL,,,,,,,,,,yes,OK,,"Kasteel van haversin, Henegouwen, België",GOOGLE_PLACES
289,Kasteel van skeuvre,https://kastelenbelgie.be/nl/kasteel-van-skeuvre-natoye/,Waals-Brabant,ChIJT4DWz0a6wUcR7-9rsiwTdvQ,Château de Skeuvre,"Rue de Skeuvre 16, 5360 Hamois","establishment,point_of_interest",OPERATIONAL,,,,,,,,,,yes,OK,,"Kasteel van skeuvre, Waals-Brabant, België",GOOGLE_PLACES
288,Chateau de la tournette,https://kastelenbelgie.be/nl/chateau-de-la-tournette-nijvel/,Luxemburg,ChIJ25ScY5TMw0cRtSzt8yWgXRo,Golf Château de la Tournette,"Chem. de Baudemont 21, 1400 Nivelles","establishment,food,point_of_interest,restaurant",OPERATIONAL,TRUE,maandag: 08:00–22:00 | dinsdag: 08:00–22:00 | woensdag: 08:00–22:00 | donderdag: 08:00–22:00 | vrijdag: 08:00–22:00 | zaterdag: 08:00–22:00 | zondag: 08:00–22:00,08:00–22:00,08:00–22:00,08:00–22:00,08:00–22:00,08:00–22:00,08:00–22:00,08:00–22:00,yes,OK,,"Chateau de la tournette, Luxemburg, België",GOOGLE_PLACES
287,Kasteel van longchamps,https://kastelenbelgie.be/nl/kasteel-van-longchamps-longchamps-bertogne/,Henegouwen,ChIJA4xgFf4EwUcRGiBEYIrWsMM,Borgworm,"Rue Edmond de Selys-Longchamps 112, 4300 Waremme","establishment,point_of_interest,tourist_attraction",OPERATIONAL,,,,,,,,,,yes,OK,,"Kasteel van longchamps, Henegouwen, België",GOOGLE_PLACES
286,Koninklijk kasteel van ciergnon,https://kastelenbelgie.be/nl/koninklijk-kasteel-van-ciergnon-houyet/,Waals-Brabant,ChIJBXDvtQXJwUcRqSnUb1uNav4,Château royal de Ciergnon,5560 Houyet,"establishment,point_of_interest",OPERATIONAL,,,,,,,,,,yes,OK,,"Koninklijk kasteel van ciergnon, Waals-Brabant, België",GOOGLE_PLACES
285,Kasteel baelen,https://kastelenbelgie.be/nl/kasteel-baelen-hendrik-kapelle/,Luxemburg,ChIJOdXyQNXgwEcRDHF0-baIwW0,Alden Biesen,"Hoeselt BE, Kasteelstraat 6, 3740","establishment,park,point_of_interest",OPERATIONAL,FALSE,maandag: 09:30–17:30 | dinsdag: 09:30–17:30 | woensdag: 09:30–17:30 | donderdag: 09:30–17:30 | vrijdag: 09:30–17:30 | zaterdag: 09:30–17:30 | zondag: 09:30–17:30,09:30–17:30,09:30–17:30,09:30–17:30,09:30–17:30,09:30–17:30,09:30–17:30,09:30–17:30,yes,OK,,"Kasteel baelen, Luxemburg, België",GOOGLE_PLACES
284,Kastelen waals brabant,https://kastelenbelgie.be/nl/kastelen-waals-brabant/,Waals-Brabant,,,,,,,,,,,,,,,,SKIPPED_INDEX,,,
283,Chateau le duc,https://kastelenbelgie.be/nl/chateau-le-duc-ucimont/,Waals-Brabant,ChIJC5UB4C556kcRxiMGTruaMpM,Château le Duc,6833 Bouillon,"establishment,point_of_interest",OPERATIONAL,,,,,,,,,,yes,OK,,"Chateau le duc, Waals-Brabant, België",GOOGLE_PLACES
282,Kasteel brunsode,https://kastelenbelgie.be/nl/kasteel-brunsode-tilff/,Henegouwen,ChIJJcUkepP3wEcRj3ftiGkCRII,Chateau Brunsode - Château de Tilff,"Dom. Brunsode 2, 4130 Esneux","establishment,point_of_interest",OPERATIONAL,,,,,,,,,,yes,OK,,"Kasteel brunsode, Henegouwen, België",GOOGLE_PLACES
281,Kasteel van schoonhoven,https://kastelenbelgie.be/nl/kasteel-van-schoonhoven-te-aarschot/,Waals-Brabant,ChIJ995Gj0RDwUcRVYwcN6nkCa4,Kasteel van Schoonhoven,"Diestsesteenweg 10, 3200 Aarschot","establishment,point_of_interest",CLOSED_PERMANENTLY,,,,,,,,,,yes,OK,,"Kasteel van schoonhoven, Waals-Brabant, België",GOOGLE_PLACES
280,Kasteel van spontin,https://kastelenbelgie.be/nl/kasteel-van-spontin-spontin/,Henegouwen,ChIJOYuZqgK8wUcR-yyi8PVubKI,Kasteel van Spontin,"Chau. de Dinant 8, 5530 Yvoir","establishment,point_of_interest,tourist_attraction",OPERATIONAL,,,,,,,,,,yes,OK,,"Kasteel van spontin, Henegouwen, België",GOOGLE_PLACES
279,Kasteel casier,https://kastelenbelgie.be/nl/kasteel-casier-waregem/,Henegouwen,ChIJ_-tFGQAVw0cRAS-iecBVypc,Kasteel Casier Nokere,9771 Kruisem,"establishment,point_of_interest",OPERATIONAL,,,,,,,,,,yes,OK,,"Kasteel casier, Henegouwen, België",GOOGLE_PLACES
278,Kasteel ter elst,https://kastelenbelgie.be/nl/kasteel-ter-elst-duffel/,Luxemburg,ChIJ3UWoU3nlw0cRfGxIRkd0ncc,Kasteelruïne Ter Elst,"Norbertijnerlei 26, 2570 Duffel","establishment,point_of_interest",OPERATIONAL,,,,,,,,,,yes,OK,,"Kasteel ter elst, Luxemburg, België",GOOGLE_PLACES
277,Kasteel van melveren,https://kastelenbelgie.be/nl/kasteel-van-melveren-sint-truiden/,Waals-Brabant,ChIJjYuuHEMXwUcRur2x8o2XLEw,Kasteel van Melveren,"Sint-Godfriedstraat 15/17, 3800 Sint-Truiden","establishment,point_of_interest",OPERATIONAL,,,,,,,,,,yes,OK,,"Kasteel van melveren, Waals-Brabant, België",GOOGLE_PLACES
276,Kasteel edelhof,https://kastelenbelgie.be/nl/kasteel-edelhof-munsterbilzen/,Waals-Brabant,ChIJB5NaqwfewEcRSIAR13FU7pg,Kasteel Edelhof,"Leroyplein 2, 3740 Bilzen-Hoeselt","establishment,point_of_interest",OPERATIONAL,,,,,,,,,,yes,OK,,"Kasteel edelhof, Waals-Brabant, België",GOOGLE_PLACES
275,Hof van roosendael,https://kastelenbelgie.be/nl/hof-van-roosendael-merksem/,Antwerpen,ChIJSZT9Dx_3w0cRTBHhG-3fz8k,Hof van Roosendael,"Terlindenhofstraat 320, 2170 Antwerpen","establishment,point_of_interest",OPERATIONAL,FALSE,maandag: 16:00–18:30 | dinsdag: Gesloten | woensdag: 14:00–17:00 | donderdag: Gesloten | vrijdag: Gesloten | zaterdag: Gesloten | zondag: Gesloten,16:00–18:30,Gesloten,14:00–17:00,Gesloten,Gesloten,Gesloten,Gesloten,yes,OK,,"Hof van roosendael, Antwerpen, België",GOOGLE_PLACES
274,Kasteel van westmalle,https://kastelenbelgie.be/nl/kasteel-van-westmalle-westmalle/,Antwerpen,ChIJad8TfXCqxkcR7nopA7iOv-Y,Kasteel van Westmalle,"Kapselstraat, 2390 Malle","establishment,point_of_interest,tourist_attraction",OPERATIONAL,,,,,,,,,,yes,OK,,"Kasteel van westmalle, Antwerpen, België",GOOGLE_PLACES
273,De beukenhof,https://kastelenbelgie.be/nl/de-beukenhof-kapellen/,Antwerpen,ChIJw_vwHcsJxEcRmrOVCYRxiFs,Woonzorgcentrum Hof De Beuken - Zorgbedrijf Antwerpen,"Geestenspoor 73, 2180 Antwerpen","establishment,health,point_of_interest",OPERATIONAL,,,,,,,,,,yes,OK,,"De beukenhof, Antwerpen, België",GOOGLE_PLACES
272,Rood kasteel,https://kastelenbelgie.be/nl/rood-kasteel-guigoven/,Antwerpen,ChIJO-nq3fX2w0cRBavEBrxq_f8,Het Steen,"Het Steen, Steenplein 1, 2000 Antwerpen","establishment,museum,point_of_interest,tourist_attraction",OPERATIONAL,FALSE,maandag: 10:00–18:00 | dinsdag: 10:00–18:00 | woensdag: 10:00–18:00 | donderdag: 10:00–18:00 | vrijdag: 10:00–18:00 | zaterdag: 10:00–18:00 | zondag: 10:00–18:00,10:00–18:00,10:00–18:00,10:00–18:00,10:00–18:00,10:00–18:00,10:00–18:00,10:00–18:00,yes,OK,,"Rood kasteel, Antwerpen, België",GOOGLE_PLACES
271,Rentmeesterij van alden biesen,https://kastelenbelgie.be/nl/rentmeesterij-van-alden-biesen-te-diepenbeek/,Limburg,ChIJnzK6Q9XgwEcRkZMCFm94_2M,Martin's Rentmeesterij,"Kasteelstraat 2, 3740 Bilzen-Hoeselt","establishment,lodging,point_of_interest",OPERATIONAL,TRUE,maandag: 24 uur geopend | dinsdag: 24 uur geopend | woensdag: 24 uur geopend | donderdag: 24 uur geopend | vrijdag: 24 uur geopend | zaterdag: 24 uur geopend | zondag: 24 uur geopend,24 uur geopend,24 uur geopend,24 uur geopend,24 uur geopend,24 uur geopend,24 uur geopend,24 uur geopend,yes,OK,,"Rentmeesterij van alden biesen, Limburg, België",GOOGLE_PLACES
270,Kasteel roos,https://kastelenbelgie.be/nl/kasteel-roos-waasmunster/,Antwerpen,ChIJH1PD-_-Pw0cRtwsCDafGuWc,Roos,"Neerstraat 135, 9250 Waasmunster","establishment,point_of_interest",OPERATIONAL,,,,,,,,,,yes,OK,,"Kasteel roos, Antwerpen, België",GOOGLE_PLACES
269,Kasteel grevenbroek,https://kastelenbelgie.be/nl/kasteel-grevenbroek-achel/,Limburg,ChIJW53eewDVxkcRgwcD-N1sI3I,Kasteel Genenbroek,"Catharinadal 3, 3930 Hamont-Achel","establishment,point_of_interest",OPERATIONAL,,,,,,,,,,yes,OK,,"Kasteel grevenbroek, Limburg, België",GOOGLE_PLACES
268,Het grafelijk slot van male,https://kastelenbelgie.be/nl/het-grafelijk-slot-van-male-sint-kruis/,West-Vlaanderen,ChIJc1d4WwBbw0cR4MwsRr5f7Jc,Maele Castle,"Pelderijnstraat 14, 8310 Brugge","establishment,point_of_interest",OPERATIONAL,,,,,,,,,,yes,OK,,"Het grafelijk slot van male, West-Vlaanderen, België",GOOGLE_PLACES
267,Kasteel van Deulin,https://kastelenbelgie.be/nl/kasteel-van-deulin-deulin-fronville/,Luxemburg,ChIJs2ZvqPdLwEcR6IS02m_KtoE,Kasteel van Deulin,"Rue du Château 4, 6990 Hotton","establishment,point_of_interest,tourist_attraction",OPERATIONAL,,,,,,,,,,yes,OK,,"Kasteel van Deulin, Luxemburg, België",GOOGLE_PLACES
266,Kasteel doverschie,https://kastelenbelgie.be/nl/kasteel-doverschie-te-grimbergen/,Namen,ChIJg9QUwdLpw0cRGCeHnerZFVo,Kasteel d'Overschie,"Vorststraat 18, 1850 Grimbergen","establishment,point_of_interest",OPERATIONAL,,,,,,,,,,yes,OK,,"Kasteel doverschie, Namen, België",GOOGLE_PLACES
265,Kasteel groenveld,https://kastelenbelgie.be/nl/kasteel-groenveld-te-grimbergen/,Namen,ChIJwc10kplqxkcRP-sJqEUE58o,Kasteel Groeneveld,"Groeneveld 2, 3744 ML Baarn, Nederland","establishment,park,point_of_interest,tourist_attraction",OPERATIONAL,FALSE,maandag: Gesloten | dinsdag: 11:00–17:00 | woensdag: 11:00–17:00 | donderdag: 11:00–17:00 | vrijdag: 11:00–17:00 | zaterdag: 11:00–17:00 | zondag: 11:00–17:00,Gesloten,11:00–17:00,11:00–17:00,11:00–17:00,11:00–17:00,11:00–17:00,11:00–17:00,yes,OK,,"Kasteel groenveld, Namen, België",GOOGLE_PLACES
264,Kasteel carolinaberg,https://kastelenbelgie.be/nl/kasteel-carolinaberg-stokkem/,Limburg,ChIJo0r7hOjFwEcRNj1lb2ebCsA,Kasteel Carolinaberg,"Steenkuilstraat 70, 3650 Dilsen-Stokkem","establishment,point_of_interest",OPERATIONAL,,,,,,,,,,yes,OK,,"Kasteel carolinaberg, Limburg, België",GOOGLE_PLACES
263,Kasteel de motte groot gelmen,https://kastelenbelgie.be/nl/kasteel-de-motte-groot-gelmen-bij-sint-truiden/,Limburg,ChIJZVEeXLwbwUcRxomuy0T0g-s,Château de la Motte,"Mettekovenstraat 4, 3800 Sint-Truiden","establishment,food,lodging,point_of_interest,restaurant",OPERATIONAL,TRUE,maandag: Gesloten | dinsdag: Gesloten | woensdag: 11:00–21:00 | donderdag: 11:00–21:00 | vrijdag: 11:00–21:00 | zaterdag: 11:00–21:00 | zondag: 11:00–21:00,Gesloten,Gesloten,11:00–21:00,11:00–21:00,11:00–21:00,11:00–21:00,11:00–21:00,yes,OK,,"Kasteel de motte groot gelmen, Limburg, België",GOOGLE_PLACES
262,Kasteel van hermalle sous huy,https://kastelenbelgie.be/nl/kasteel-van-hermalle-sous-huy-hermalle-sous-huy-engis/,Luik,ChIJi_U_v2AAwUcR2b2LplIljfw,Kasteel van Jehay,"Rue du Parc 1, 4540 Amay","establishment,museum,park,point_of_interest,tourist_attraction",OPERATIONAL,FALSE,maandag: 11:00–18:00 | dinsdag: 11:00–18:00 | woensdag: 11:00–18:00 | donderdag: 11:00–18:00 | vrijdag: 11:00–18:00 | zaterdag: 11:00–18:00 | zondag: 11:00–18:00,11:00–18:00,11:00–18:00,11:00–18:00,11:00–18:00,11:00–18:00,11:00–18:00,11:00–18:00,yes,OK,,"Kasteel van hermalle sous huy, Luik, België",GOOGLE_PLACES
261,Citadel van hoei,https://kastelenbelgie.be/nl/citadel-van-hoei-hoei/,Luik,ChIJh4U1JXSpwUcRnqq49DUH1H0,Fort van Hoei,"Chau. de Napoléon, 4500 Huy","establishment,point_of_interest,tourist_attraction",OPERATIONAL,FALSE,maandag: 13:30–18:00 | dinsdag: 10:30–18:00 | woensdag: 10:30–18:00 | donderdag: 10:30–18:00 | vrijdag: 10:30–18:00 | zaterdag: 10:30–18:00 | zondag: 10:30–18:00,13:30–18:00,10:30–18:00,10:30–18:00,10:30–18:00,10:30–18:00,10:30–18:00,10:30–18:00,yes,OK,,"Citadel van hoei, Luik, België",GOOGLE_PLACES
260,Kastelen in West-Vlaanderen,https://kastelenbelgie.be/nl/kastelen-west-vlaanderen/,West-Vlaanderen,,,,,,,,,,,,,,,,SKIPPED_INDEX,,,
259,Kasteel van neigem,https://kastelenbelgie.be/nl/kasteel-van-neigem-meerbeke/,Vlaams-Brabant,ChIJF233Blm6w0cR1CFGRO2sPMo,Kasteel van Neigem,"Halsesteenweg 357, 9403 Ninove","establishment,point_of_interest",OPERATIONAL,,,,,,,,,,yes,OK,,"Kasteel van neigem, Vlaams-Brabant, België",GOOGLE_PLACES
258,Kasteel borghoven,https://kastelenbelgie.be/nl/kasteel-borghoven-piringen-bij-tongeren/,Vlaams-Brabant,ChIJr9cGtgniwEcR6Y0Ja55TPOA,Kasteel Borghof,"Tomstraat 103, 3700 Tongeren-Borgloon","establishment,point_of_interest",OPERATIONAL,,,,,,,,,,yes,OK,,"Kasteel borghoven, Vlaams-Brabant, België",GOOGLE_PLACES
257,Kasteel meerlenhof,https://kastelenbelgie.be/nl/kasteel-meerlenhof-hoboken/,Antwerpen,ChIJT4zTz-Lzw0cRNt_yod5dlco,Kasteel Meerlenhof,"Meerlenhoflaan 2660, 2660 Antwerpen","establishment,point_of_interest",OPERATIONAL,,,,,,,,,,yes,OK,,"Kasteel meerlenhof, Antwerpen, België",GOOGLE_PLACES
256,Kasteel van voorde,https://kastelenbelgie.be/nl/kasteel-van-voorde-voorde/,Antwerpen,ChIJ_cANu1Okw0cRvCtWGGWOCsM,Kasteel van Voorde,"Sint-Marcellusstraat 9A, 9400 Ninove","establishment,point_of_interest",OPERATIONAL,,,,,,,,,,yes,OK,,"Kasteel van voorde, Antwerpen, België",GOOGLE_PLACES
255,Kasteel hof ter saksen,https://kastelenbelgie.be/nl/kasteel-hof-ter-saksen-beveren-waas/,Antwerpen,ChIJ2dYIno6Lw0cRhVh8CXt3UJY,Hof ter Saksen,"Hof ter Saksendreef 2, 9120 Beveren-Kruibeke-Zwijndrecht","establishment,point_of_interest",OPERATIONAL,TRUE,maandag: 09:00–20:00 | dinsdag: 09:00–20:00 | woensdag: 09:00–20:00 | donderdag: 09:00–20:00 | vrijdag: 09:00–20:00 | zaterdag: 09:00–20:00 | zondag: 09:00–20:00,09:00–20:00,09:00–20:00,09:00–20:00,09:00–20:00,09:00–20:00,09:00–20:00,09:00–20:00,yes,OK,,"Kasteel hof ter saksen, Antwerpen, België",GOOGLE_PLACES
254,Kasteel cortewalle,https://kastelenbelgie.be/nl/kasteel-cortewalle-beveren-waas/,Antwerpen,ChIJ4Yo9z8z0w0cRt4ZmPU-wFN0,Kasteel Cortewalle,"Zwarte Dreef 2, 9120 Beveren-Kruibeke-Zwijndrecht","establishment,park,point_of_interest,tourist_attraction",OPERATIONAL,,,,,,,,,,yes,OK,,"Kasteel cortewalle, Antwerpen, België",GOOGLE_PLACES
253,Kasteel de rivieren,https://kastelenbelgie.be/nl/kasteel-de-rivieren-te-ganshoren/,Luik,ChIJdZ-mSWLBw0cRHQ5xd-R3088,Kasteel De Rivieren,"Kasteeldreef 66, 1083 Ganshoren","establishment,point_of_interest,tourist_attraction",OPERATIONAL,,,,,,,,,,yes,OK,,"Kasteel de rivieren, Luik, België",GOOGLE_PLACES
252,Kasteel van beusdael,https://kastelenbelgie.be/nl/kasteel-van-beusdael-bij-sippenaeken/,Limburg,ChIJKU_A-ymTwEcRmzrxtaVlrHI,Chateau Beusdael Vignoble,"Rue de Beusdael, 4851 Plombières","establishment,point_of_interest",OPERATIONAL,,,,,,,,,,yes,OK,,"Kasteel van beusdael, Limburg, België",GOOGLE_PLACES
251,Kasteel drie koningen,https://kastelenbelgie.be/nl/kasteel-drie-koningen-beernem/,Brussel,ChIJK6QE6TFFw0cRH7T3eXBePYE,Kasteel De Drie Koningen,"Drie Koningen 1, 8730 Beernem","establishment,point_of_interest",OPERATIONAL,TRUE,maandag: 09:00–20:00 | dinsdag: 09:00–20:00 | woensdag: 09:00–20:00 | donderdag: 09:00–22:00 | vrijdag: 09:00–22:00 | zaterdag: 09:00–21:00 | zondag: 09:00–21:00,09:00–20:00,09:00–20:00,09:00–20:00,09:00–22:00,09:00–22:00,09:00–21:00,09:00–21:00,yes,OK,,"Kasteel drie koningen, Brussel, België",GOOGLE_PLACES
250,Kasteel van bever,https://kastelenbelgie.be/nl/kasteel-van-bever-te-strombeek-bever/,Henegouwen,ChIJQc5DShHCw0cREi07k-kLnNQ,Neoclassicistisch landhuis,"1850, Boechoutlaan 221, 1853 Grimbergen","establishment,point_of_interest",OPERATIONAL,,,,,,,,,,yes,OK,,"Kasteel van bever, Henegouwen, België",GOOGLE_PLACES
249,Kasteel saint pierre,https://kastelenbelgie.be/nl/kasteel-saint-pierre-beauraing/,Namen,ChIJ4bPnduaAwUcR04ZkQfvzRRs,Kasteel van Sombreffe,"Rue du Château 1, 5140 Sombreffe","establishment,point_of_interest",OPERATIONAL,,,,,,,,,,yes,OK,,"Kasteel saint pierre, Namen, België",GOOGLE_PLACES
248,Kasteel van beauraing,https://kastelenbelgie.be/nl/kasteel-van-beauraing-beauraing/,Waals-Brabant,ChIJycCNEAPDwUcRxdt-31ClY5s,Château et parcs de Beauraing,"Rue des Ardennes 55, 5570 Beauraing","establishment,point_of_interest,tourist_attraction",OPERATIONAL,TRUE,maandag: 24 uur geopend | dinsdag: 24 uur geopend | woensdag: 24 uur geopend | donderdag: 24 uur geopend | vrijdag: 24 uur geopend | zaterdag: 24 uur geopend | zondag: 24 uur geopend,24 uur geopend,24 uur geopend,24 uur geopend,24 uur geopend,24 uur geopend,24 uur geopend,24 uur geopend,yes,OK,,"Kasteel van beauraing, Waals-Brabant, België",GOOGLE_PLACES
247,Kasteel van rixensart,https://kastelenbelgie.be/nl/kasteel-van-rixensart-rixensart/,Luxemburg,ChIJP9_bWjDXw0cRal_SK8fSya8,Rixensart Castle,"Rue de l'Eglise 40, 1330 Rixensart","establishment,point_of_interest",OPERATIONAL,,,,,,,,,,yes,OK,,"Kasteel van rixensart, Luxemburg, België",GOOGLE_PLACES
246,Burcht reuland,https://kastelenbelgie.be/nl/burcht-reuland-reuland-burg-reuland/,Oost-Vlaanderen,ChIJOS9liMWKv0cRvATlY1TEy80,Burcht van Burg-Reuland,"Burg Reuland, 4790 Burg-Reuland","establishment,park,point_of_interest,tourist_attraction,travel_agency",OPERATIONAL,TRUE,maandag: 24 uur geopend | dinsdag: 24 uur geopend | woensdag: 24 uur geopend | donderdag: 24 uur geopend | vrijdag: 24 uur geopend | zaterdag: 24 uur geopend | zondag: 24 uur geopend,24 uur geopend,24 uur geopend,24 uur geopend,24 uur geopend,24 uur geopend,24 uur geopend,24 uur geopend,yes,OK,,"Burcht reuland, Oost-Vlaanderen, België",GOOGLE_PLACES
245,Kasteel ter meeren,https://kastelenbelgie.be/nl/kasteel-ter-meeren-sterrebeek-zaventem/,Oost-Vlaanderen,ChIJ1dtYh6few0cRFa2Wx59Juv0,Kasteel Ter Meeren 🏰,"Mechelsesteenweg 98, 1933 Zaventem","establishment,point_of_interest,tourist_attraction",OPERATIONAL,FALSE,maandag: Gesloten | dinsdag: 09:00–16:00 | woensdag: 09:00–16:00 | donderdag: 09:00–16:00 | vrijdag: 09:00–16:00 | zaterdag: 10:00–16:00 | zondag: Gesloten,Gesloten,09:00–16:00,09:00–16:00,09:00–16:00,09:00–16:00,10:00–16:00,Gesloten,yes,OK,,"Kasteel ter meeren, Oost-Vlaanderen, België",GOOGLE_PLACES
244,Kasteel van beervelde,https://kastelenbelgie.be/nl/kasteel-van-beervelde-beervelde/,Antwerpen,ChIJ7aVWag6dw0cRw6k5MPqNhog,Kasteel van Beervelde,"Toverstraat, 9080 Lochristi","establishment,point_of_interest",OPERATIONAL,,,,,,,,,,yes,OK,,"Kasteel van beervelde, Antwerpen, België",GOOGLE_PLACES
243,Kasteel boeckenberg,https://kastelenbelgie.be/nl/kasteel-boeckenberg-deurne/,Luxemburg,ChIJK87ARhZxwUcR9EMBfDE2bEk,Kasteel van Dongelberg,1370 Jodoigne,"establishment,point_of_interest",OPERATIONAL,,,,,,,,,,yes,OK,,"Kasteel boeckenberg, Luxemburg, België",GOOGLE_PLACES
242,Kasteel van Sohier,https://kastelenbelgie.be/nl/kasteel-van-sohier-sohier/,Luik,ChIJEeUtVqrawUcR95mYpEvQReU,Château de Sohier,"Rue du Château 1, 6920 Sohier-Wellin","establishment,lodging,point_of_interest",OPERATIONAL,,,,,,,,,,yes,OK,,"Kasteel van Sohier, Luik, België",GOOGLE_PLACES
241,Kasteel van waroux,https://kastelenbelgie.be/nl/kasteel-van-waroux-alleur/,Luxemburg,ChIJhze3yX37wEcRVr9xfIQtxNM,Kasteel van Waroux,"Rue de Waroux 301, 4432 Ans","establishment,point_of_interest,tourist_attraction",OPERATIONAL,FALSE,maandag: Gesloten | dinsdag: 14:00–18:00 | woensdag: 14:00–18:00 | donderdag: 14:00–18:00 | vrijdag: 14:00–18:00 | zaterdag: 14:00–18:00 | zondag: 14:00–18:00,Gesloten,14:00–18:00,14:00–18:00,14:00–18:00,14:00–18:00,14:00–18:00,14:00–18:00,yes,OK,,"Kasteel van waroux, Luxemburg, België",GOOGLE_PLACES
240,Kasteel van mouffrin,https://kastelenbelgie.be/nl/kasteel-van-mouffrin-natoye/,Waals-Brabant,ChIJtbrKeYktwkcRPWTfGxlMmFE,Château de Houtain-le-Val,"Rue de Nivelles 2, 1476 Genappe","establishment,point_of_interest",OPERATIONAL,,,,,,,,,,yes,OK,,"Kasteel van mouffrin, Waals-Brabant, België",GOOGLE_PLACES
239,Kasteel van genval,https://kastelenbelgie.be/nl/kasteel-van-genval-rixensart/,Namen,ChIJT36Ubj3Xw0cRV0Elo17ldTI,Martin's Château du Lac,"Av. du Lac 87, 1332 Rixensart","bar,establishment,food,lodging,point_of_interest,restaurant,spa",OPERATIONAL,TRUE,maandag: 24 uur geopend | dinsdag: 24 uur geopend | woensdag: 24 uur geopend | donderdag: 24 uur geopend | vrijdag: 24 uur geopend | zaterdag: 24 uur geopend | zondag: 24 uur geopend,24 uur geopend,24 uur geopend,24 uur geopend,24 uur geopend,24 uur geopend,24 uur geopend,24 uur geopend,yes,OK,,"Kasteel van genval, Namen, België",GOOGLE_PLACES
238,Kasteel van Fosteau,https://kastelenbelgie.be/nl/kasteel-van-fosteau-leers-et-fosteau/,Namen,ChIJO6s3dMo9wkcRoeJRzALwM1A,Château du Fosteau,"Rue du Marquis 1, 6530 Thuin","establishment,point_of_interest",CLOSED_TEMPORARILY,,,,,,,,,,yes,OK,,"Kasteel van Fosteau, Namen, België",GOOGLE_PLACES
237,Kasteel van awans,https://kastelenbelgie.be/nl/kasteel-van-awans-awans/,Luxemburg,ChIJhze3yX37wEcRVr9xfIQtxNM,Kasteel van Waroux,"Rue de Waroux 301, 4432 Ans","establishment,point_of_interest,tourist_attraction",OPERATIONAL,FALSE,maandag: Gesloten | dinsdag: 14:00–18:00 | woensdag: 14:00–18:00 | donderdag: 14:00–18:00 | vrijdag: 14:00–18:00 | zaterdag: 14:00–18:00 | zondag: 14:00–18:00,Gesloten,14:00–18:00,14:00–18:00,14:00–18:00,14:00–18:00,14:00–18:00,14:00–18:00,yes,OK,,"Kasteel van awans, Luxemburg, België",GOOGLE_PLACES
236,Kasteel van baronville,https://kastelenbelgie.be/nl/kasteel-van-baronville-baronville-belgie/,Luik,ChIJlcO5pSfDwUcROoyjSNBI1S8,Château de Baronville,5570 Beauraing,"establishment,point_of_interest",OPERATIONAL,,,,,,,,,,yes,OK,,"Kasteel van baronville, Luik, België",GOOGLE_PLACES
235,Chateau de bellaire,https://kastelenbelgie.be/nl/chateau-de-bellaire-haltinne/,Luik,ChIJ1ZvmuWikwUcRtUNzPtu9MMA,Gîtes du Château de Bellaire,"Tour de Muache 7, 5340 Gesves","establishment,lodging,point_of_interest",OPERATIONAL,,,,,,,,,,yes,OK,,"Chateau de bellaire, Luik, België",GOOGLE_PLACES
234,Kasteel van limont,https://kastelenbelgie.be/nl/kasteel-van-limont-donceel/,Limburg,ChIJGdItUb8DwUcROGHCIJfTrTs,Le Chateau De Limont,"Rue du Château 34, 4357 Donceel","establishment,lodging,park,point_of_interest",OPERATIONAL,,,,,,,,,,yes,OK,,"Kasteel van limont, Limburg, België",GOOGLE_PLACES
233,Kasteel altembrouck,https://kastelenbelgie.be/nl/kasteel-altembrouck-s-gravenvoeren-te-voeren/,Henegouwen,ChIJAwDRt8DswEcRNUyT_BhTXCA,Landgoed Altenbroek,"Altenbroek 4, 3798 Voeren","establishment,lodging,point_of_interest",OPERATIONAL,,,,,,,,,,yes,OK,,"Kasteel altembrouck, Henegouwen, België",GOOGLE_PLACES
232,Kasteel de commanderij,https://kastelenbelgie.be/nl/kasteel-de-commanderij-sint-pieters-voeren/,Oost-Vlaanderen,ChIJb84dwTaTwEcR0qgdvSUs2GE,Commanderij van Sint-Pieters-Voeren,"Commanderie 1, 3792 Voeren","establishment,point_of_interest",OPERATIONAL,,,,,,,,,,yes,OK,,"Kasteel de commanderij, Oost-Vlaanderen, België",GOOGLE_PLACES
231,Kastelen in Oost-Vlaanderen,https://kastelenbelgie.be/nl/kastelen-oost-vlaanderen/,Vlaams-Brabant,,,,,,,,,,,,,,,,SKIPPED_INDEX,,,
230,Kasteel van altena,https://kastelenbelgie.be/nl/kasteel-van-altena-kruibeke/,Oost-Vlaanderen,ChIJpy6mEYTzw0cRgO93wyYeAIY,Kasteel Altena,"Burchtstraat 11, 9150 Beveren-Kruibeke-Zwijndrecht","establishment,museum,point_of_interest,tourist_attraction",OPERATIONAL,,,,,,,,,,yes,OK,,"Kasteel van altena, Oost-Vlaanderen, België",GOOGLE_PLACES
229,De cijnshof van boutersem,https://kastelenbelgie.be/nl/de-cijnshof-van-boutersem-zandhoven/,Namen,,,,,,,,,,,,,,,,ZERO_RESULTS,,"De cijnshof van boutersem, Namen, Belgique",
228,Kasteel hoogveld,https://kastelenbelgie.be/nl/kasteel-hoogveld-vliermaal/,Waals-Brabant,ChIJJV1EB2pOw0cREK20w2lYb7U,Hoogveld,"Hoogveld 4, 8210 Zedelgem","establishment,lodging,point_of_interest,tourist_attraction",OPERATIONAL,TRUE,maandag: 08:00–19:00 | dinsdag: 08:00–19:00 | woensdag: 08:00–19:00 | donderdag: 08:00–19:00 | vrijdag: 08:00–19:00 | zaterdag: 08:00–19:00 | zondag: 08:00–19:00,08:00–19:00,08:00–19:00,08:00–19:00,08:00–19:00,08:00–19:00,08:00–19:00,08:00–19:00,yes,OK,,"Kasteel hoogveld, Waals-Brabant, België",GOOGLE_PLACES
227,Kasteel van moere,https://kastelenbelgie.be/nl/kasteel-van-moere-le-bon-sejour-moere/,Waals-Brabant,ChIJsZQ_cxey3EcRe28aNYeQAYk,Kasteel van Moere,"Beekstraat 4, 8680 Gistel","establishment,point_of_interest",OPERATIONAL,,,,,,,,,,yes,OK,,"Kasteel van moere, Waals-Brabant, België",GOOGLE_PLACES
226,Kasteel van seneffe,https://kastelenbelgie.be/nl/kasteel-van-seneffe-seneffe/,Oost-Vlaanderen,ChIJN0vYMPozwkcRnKsUkYC5DeQ,Château Seneffe,"Rue Lucien Plasman 7, 7180 Seneffe","establishment,museum,park,point_of_interest,tourist_attraction",OPERATIONAL,FALSE,maandag: Gesloten | dinsdag: 10:00–18:00 | woensdag: 10:00–18:00 | donderdag: 10:00–18:00 | vrijdag: 10:00–18:00 | zaterdag: 10:00–18:00 | zondag: 10:00–18:00,Gesloten,10:00–18:00,10:00–18:00,10:00–18:00,10:00–18:00,10:00–18:00,10:00–18:00,yes,OK,,"Kasteel van seneffe, Oost-Vlaanderen, België",GOOGLE_PLACES
225,Kasteel Laresteen,https://kastelenbelgie.be/nl/kasteel-laresteen-lovendegem/,Limburg,ChIJl5yIzYfFwEcRQp9ugO9tRLM,Kasteel Ter Motten,"Europalaan 25, 3650 Dilsen-Stokkem","establishment,point_of_interest",OPERATIONAL,,,,,,,,,,yes,OK,,"Kasteel Laresteen, Limburg, België",GOOGLE_PLACES
224,Kasteel van Wippelgem,https://kastelenbelgie.be/nl/kasteel-van-wippelgem-wippelgem/,Antwerpen,ChIJTa0OhGt6w0cRXzmFZN-63NM,"Kasteel van Wippelgem ""Goed Ten Hulle""","Kramershoek 4, 9940 Evergem","establishment,point_of_interest",OPERATIONAL,,,,,,,,,,yes,OK,,"Kasteel van Wippelgem, Antwerpen, België",GOOGLE_PLACES
223,Domein de ghellinck,https://kastelenbelgie.be/nl/domein-de-ghellinck-elsegem/,Antwerpen,ChIJSznV7MAQw0cRvmbL2mIRzj8,Domein De Ghellinck,"Kortrijkstraat 102, 9790 Wortegem-Petegem","establishment,park,point_of_interest",OPERATIONAL,TRUE,maandag: 11:45–21:00 | dinsdag: 11:45–21:00 | woensdag: 11:45–21:00 | donderdag: 11:45–21:00 | vrijdag: 11:45–21:00 | zaterdag: 11:45–21:00 | zondag: 11:45–21:00,11:45–21:00,11:45–21:00,11:45–21:00,11:45–21:00,11:45–21:00,11:45–21:00,11:45–21:00,yes,OK,,"Domein de ghellinck, Antwerpen, België",GOOGLE_PLACES
222,Kasteel vogelsanck,https://kastelenbelgie.be/nl/kasteel-vogelsanck-te-zolder-gemeente-heusden-zolder/,Antwerpen,ChIJN_ghcz8kwUcRO-X-ImKPqHo,Kasteel Vogelsanck,"3520, Zonhoven","establishment,point_of_interest",OPERATIONAL,,,,,,,,,,yes,OK,,"Kasteel vogelsanck, Antwerpen, België",GOOGLE_PLACES
221,Kasteel de renesse,https://kastelenbelgie.be/nl/kasteel-de-renesse-oostmalle/,Antwerpen,ChIJ3R8HbFGqxkcRcgLVhBdJKlM,Kasteel de Renesse,"Lierselei 30, 2390 Malle","establishment,point_of_interest",OPERATIONAL,FALSE,maandag: 13:00–18:00 | dinsdag: Gesloten | woensdag: Gesloten | donderdag: Gesloten | vrijdag: Gesloten | zaterdag: Gesloten | zondag: 13:00–18:00,13:00–18:00,Gesloten,Gesloten,Gesloten,Gesloten,Gesloten,13:00–18:00,yes,OK,,"Kasteel de renesse, Antwerpen, België",GOOGLE_PLACES
220,Kasteel stas de richelle,https://kastelenbelgie.be/nl/kasteel-stas-de-richelle-heusden/,Vlaams-Brabant,ChIJeW2RdeR1w0cRoptif6szo6o,Kasteeldomein Stas De Richelle,"Veerdreef 2/4, 9070 Destelbergen","establishment,point_of_interest",OPERATIONAL,,,,,,,,,,yes,OK,,"Kasteel stas de richelle, Vlaams-Brabant, België",GOOGLE_PLACES
219,Kasteel ommerstein,https://kastelenbelgie.be/nl/kasteel-ommerstein-te-rotem-bij-dilsen/,Vlaams-Brabant,ChIJR48OgGfPwEcRDVUZtfOJtCk,Kasteel Ommerstein,"de Schiervellaan 1, 3650 Dilsen-Stokkem","establishment,point_of_interest,tourist_attraction",OPERATIONAL,,,,,,,,,,yes,OK,,"Kasteel ommerstein, Vlaams-Brabant, België",GOOGLE_PLACES
218,Kasteel van saffelberg,https://kastelenbelgie.be/nl/kasteel-van-saffelberg-gooik/,Vlaams-Brabant,ChIJC3LeNJi5w0cRiIgXn6TIAgM,Saffelberg Investments,"Oplombeekstraat 6, 1755 Pajottegem","establishment,finance,point_of_interest",OPERATIONAL,,,,,,,,,,yes,OK,,"Kasteel van saffelberg, Vlaams-Brabant, België",GOOGLE_PLACES
217,Waterkasteel van schoonbeek,https://kastelenbelgie.be/nl/waterkasteel-van-schoonbeek-te-beverst-gemeente-bilzen/,Antwerpen,ChIJy1pPXczfwEcRZIqM4Ft9r-M,Kasteel van Schoonbeek,"Waterkasteelstraat, 3740 Bilzen-Hoeselt","establishment,point_of_interest",OPERATIONAL,,,,,,,,,,yes,OK,,"Waterkasteel van schoonbeek, Antwerpen, België",GOOGLE_PLACES
216,Kasteel van coloma,https://kastelenbelgie.be/nl/kasteel-van-coloma-te-sint-pieters-leeuw/,Antwerpen,ChIJpbhOVC3Gw0cR5qm-1h6ghxA,Domein Coloma,"Joseph Depauwstraat 25, 1600 Sint-Pieters-Leeuw","establishment,point_of_interest,tourist_attraction",OPERATIONAL,TRUE,maandag: Gesloten | dinsdag: 10:00–20:00 | woensdag: 10:00–20:00 | donderdag: 10:00–20:00 | vrijdag: 10:00–20:00 | zaterdag: 10:00–20:00 | zondag: 10:00–20:00,Gesloten,10:00–20:00,10:00–20:00,10:00–20:00,10:00–20:00,10:00–20:00,10:00–20:00,yes,OK,,"Kasteel van coloma, Antwerpen, België",GOOGLE_PLACES
214,Kasteel wittouck,https://kastelenbelgie.be/nl/kasteel-wittouck-sint-pieters-leeuw/,Namen,ChIJ7z5B_5eZwUcRW_wQz_37F7A,Château de La Vecquée,"Av. de la Vecquée 21, 5000 Namur","establishment,point_of_interest",OPERATIONAL,FALSE,maandag: 09:00–17:00 | dinsdag: 09:00–17:00 | woensdag: 09:00–17:00 | donderdag: 09:00–17:00 | vrijdag: 09:00–17:00 | zaterdag: Gesloten | zondag: Gesloten,09:00–17:00,09:00–17:00,09:00–17:00,09:00–17:00,09:00–17:00,Gesloten,Gesloten,yes,OK,,"Kasteel wittouck, Namen, België",GOOGLE_PLACES
213,Kasteel hoogveld,https://kastelenbelgie.be/nl/kasteel-hoogveld-veldegem/,Namen,ChIJJV1EB2pOw0cREK20w2lYb7U,Hoogveld,"Hoogveld 4, 8210 Zedelgem","establishment,lodging,point_of_interest,tourist_attraction",OPERATIONAL,TRUE,maandag: 08:00–19:00 | dinsdag: 08:00–19:00 | woensdag: 08:00–19:00 | donderdag: 08:00–19:00 | vrijdag: 08:00–19:00 | zaterdag: 08:00–19:00 | zondag: 08:00–19:00,08:00–19:00,08:00–19:00,08:00–19:00,08:00–19:00,08:00–19:00,08:00–19:00,08:00–19:00,yes,OK,,"Kasteel hoogveld, Namen, België",GOOGLE_PLACES
212,Kasteel blauwhuis,https://kastelenbelgie.be/nl/kasteel-blauwhuis-izegem/,Luik,ChIJT_33fns3w0cRfNjtwUkG8Hs,Kasteel Blauwhuis,"Kasteelwijk 3, 8870 Izegem","establishment,point_of_interest,real_estate_agency",OPERATIONAL,TRUE,maandag: 24 uur geopend | dinsdag: 24 uur geopend | woensdag: 24 uur geopend | donderdag: 24 uur geopend | vrijdag: 24 uur geopend | zaterdag: 24 uur geopend | zondag: 24 uur geopend,24 uur geopend,24 uur geopend,24 uur geopend,24 uur geopend,24 uur geopend,24 uur geopend,24 uur geopend,yes,OK,,"Kasteel blauwhuis, Luik, België",GOOGLE_PLACES
211,Kasteel isschot,https://kastelenbelgie.be/nl/kasteel-isschot-itegem/,Luik,ChIJQQVlE3BXwUcRsq8ryCKHtVQ,Kasteel Isschot,"Isschotweg 75, 2222 Heist-op-den-Berg","establishment,point_of_interest",OPERATIONAL,,,,,,,,,,yes,OK,,"Kasteel isschot, Luik, België",GOOGLE_PLACES
210,Kasteel diependael,https://kastelenbelgie.be/nl/kasteel-diependael-elewijt/,Antwerpen,ChIJM5I94_Hxw0cReh4KIxVCRV4,Kasteel Cleydael,"Cleydaellaan 36, 2630 Aartselaar","establishment,point_of_interest",OPERATIONAL,,,,,,,,,,yes,OK,,"Kasteel diependael, Antwerpen, België",GOOGLE_PLACES
209,Kasteel van freyr,https://kastelenbelgie.be/nl/kasteel-van-freyr-freyr/,Antwerpen,ChIJNVLWSZbqwUcRhxZeQpsiiBU,Kasteel van Freÿr,"Freyr 12, 5540 Hastière","establishment,point_of_interest,tourist_attraction",OPERATIONAL,FALSE,maandag: Gesloten | dinsdag: 11:00–17:00 | woensdag: 11:00–17:00 | donderdag: 11:00–17:00 | vrijdag: 11:00–17:00 | zaterdag: 11:00–17:00 | zondag: 11:00–17:00,Gesloten,11:00–17:00,11:00–17:00,11:00–17:00,11:00–17:00,11:00–17:00,11:00–17:00,yes,OK,,"Kasteel van freyr, Antwerpen, België",GOOGLE_PLACES
208,Kasteel van dieupart,https://kastelenbelgie.be/nl/kasteel-van-dieupart-aywaille/,Antwerpen,ChIJAX_LZZJewEcRHSnEpBxbExU,Domaine Château de Dieupart,"Dieupart 37, 4920 Aywaille","bar,campground,establishment,lodging,park,point_of_interest",OPERATIONAL,FALSE,maandag: 08:50–17:00 | dinsdag: 08:50–17:00 | woensdag: 08:50–17:00 | donderdag: 08:50–17:00 | vrijdag: 08:50–17:00 | zaterdag: 08:50–17:00 | zondag: 08:50–17:00,08:50–17:00,08:50–17:00,08:50–17:00,08:50–17:00,08:50–17:00,08:50–17:00,08:50–17:00,yes,OK,,"Kasteel van dieupart, Antwerpen, België",GOOGLE_PLACES
207,Kasteel diepenbroeck,https://kastelenbelgie.be/nl/kasteel-diepenbroeck-lovendegem/,West-Vlaanderen,ChIJQ1PShrVRw0cR0Mdp5V49lfo,Kasteel van Loppem,"Steenbrugsestraat 26, 8210 Zedelgem","establishment,museum,park,point_of_interest,tourist_attraction",OPERATIONAL,FALSE,maandag: 13:00–17:30 | dinsdag: 13:00–17:30 | woensdag: 13:00–17:30 | donderdag: 13:00–17:30 | vrijdag: 13:00–17:30 | zaterdag: 13:00–17:30 | zondag: 13:00–17:30,13:00–17:30,13:00–17:30,13:00–17:30,13:00–17:30,13:00–17:30,13:00–17:30,13:00–17:30,yes,OK,,"Kasteel diepenbroeck, West-Vlaanderen, België",GOOGLE_PLACES
206,Hof van liere,https://kastelenbelgie.be/nl/hof-van-liere-zandhoven/,West-Vlaanderen,ChIJWe6W3hSlw0cRsrsb3heIHJ0,Hof van Lier,"Hof Van Lierstraat 2, 9506 Geraardsbergen","establishment,health,point_of_interest",OPERATIONAL,,,,,,,,,,yes,OK,,"Hof van liere, West-Vlaanderen, België",GOOGLE_PLACES
205,Kasteel bouckenborgh,https://kastelenbelgie.be/nl/kasteel-bouckenborgh-merksem/,Oost-Vlaanderen,ChIJO0CRZ-z3w0cR34CNg_BuRmA,Kasteel Bouckenborgh,"Bredabaan 555, 2170 Antwerpen","establishment,point_of_interest",OPERATIONAL,,,,,,,,,,yes,OK,,"Kasteel bouckenborgh, Oost-Vlaanderen, België",GOOGLE_PLACES
204,Kasteel befferhof,https://kastelenbelgie.be/nl/kasteel-befferhof-bonheiden/,Oost-Vlaanderen,ChIJD9uGyBTkw0cRPFBqnhP_PZ4,Kasteel Befferhof,"Befferdreef 15, 2820 Bonheiden","establishment,point_of_interest",OPERATIONAL,,,,,,,,,,yes,OK,,"Kasteel befferhof, Oost-Vlaanderen, België",GOOGLE_PLACES
203,Kasteel pulhof,https://kastelenbelgie.be/nl/kasteel-pulhof-wijnegem/,Oost-Vlaanderen,ChIJJxrVEeL5w0cR-ysA33GdDS4,Kasteel Pulhof,"s Gravenwezelsteenweg 63, 2110 Schilde","establishment,point_of_interest",OPERATIONAL,,,,,,,,,,yes,OK,,"Kasteel pulhof, Oost-Vlaanderen, België",GOOGLE_PLACES
202,Kasteel belvedere,https://kastelenbelgie.be/nl/kasteel-belvedere-te-laken-brussel/,Oost-Vlaanderen,ChIJI1zMhV_4w0cR0M-UWCB0tuc,Kasteel Belvédère,"Broekstraat 13, 2110 Wijnegem","establishment,point_of_interest",OPERATIONAL,,,,,,,,,,yes,OK,,"Kasteel belvedere, Oost-Vlaanderen, België",GOOGLE_PLACES
201,Kasteel van tieghem,https://kastelenbelgie.be/nl/kasteel-van-tieghem-de-ten-berghe-mariakerke/,Brussel,ChIJGTLFph_Bw0cRcI7xo47m0v0,Kasteel van Groot-Bijgaarden,"Isidoor van Beverenstraat 5, 1702 Dilbeek","establishment,point_of_interest,tourist_attraction",OPERATIONAL,FALSE,maandag: Gesloten | dinsdag: Gesloten | woensdag: Gesloten | donderdag: Gesloten | vrijdag: 00:00–00:02 | zaterdag: Gesloten | zondag: Gesloten,Gesloten,Gesloten,Gesloten,Gesloten,00:00–00:02,Gesloten,Gesloten,yes,OK,,"Kasteel van tieghem, Brussel, België",GOOGLE_PLACES
200,Kasteel van tillegem,https://kastelenbelgie.be/nl/kasteel-van-tillegem-sint-michiels/,Antwerpen,ChIJAfRREqhRw0cRkb1flpfBiA4,Streekhuis Noord-West-Vlaanderen - Kasteel Tillegem,"Tillegemstraat 81, 8200 Brugge","establishment,point_of_interest,tourist_attraction",OPERATIONAL,FALSE,maandag: 08:30–17:00 | dinsdag: 08:30–17:00 | woensdag: 08:30–17:00 | donderdag: 08:30–17:00 | vrijdag: 08:30–17:00 | zaterdag: Gesloten | zondag: Gesloten,08:30–17:00,08:30–17:00,08:30–17:00,08:30–17:00,08:30–17:00,Gesloten,Gesloten,yes,OK,,"Kasteel van tillegem, Antwerpen, België",GOOGLE_PLACES
199,Kasteel ravenhof,https://kastelenbelgie.be/nl/kasteel-ravenhof-torhout-torhout/,Antwerpen,ChIJ6cFcWawNxEcR95SuyuzmaM8,Kasteel Ravenhof,2940 Stabroek,"establishment,park,point_of_interest",OPERATIONAL,,,,,,,,,,yes,OK,,"Kasteel ravenhof, Antwerpen, België",GOOGLE_PLACES
198,Kasteel van zellaer,https://kastelenbelgie.be/nl/kasteel-van-zellaer-bonheiden/,Vlaams-Brabant,ChIJ3Yy56HXkw0cR6Xv14ugd1_s,Kasteeldomein Zellaer,"Zellaerdreef 1, 2820 Bonheiden","establishment,point_of_interest,tourist_attraction",OPERATIONAL,TRUE,maandag: 10:00–19:00 | dinsdag: 10:00–19:00 | woensdag: 10:00–19:00 | donderdag: 10:00–19:00 | vrijdag: 10:00–23:00 | zaterdag: 10:00–23:00 | zondag: 10:00–23:00,10:00–19:00,10:00–19:00,10:00–19:00,10:00–19:00,10:00–23:00,10:00–23:00,10:00–23:00,yes,OK,,"Kasteel van zellaer, Vlaams-Brabant, België",GOOGLE_PLACES
197,Kasteel de blankaart,https://kastelenbelgie.be/nl/kasteel-de-blankaart-diksmuide/,Brussel,ChIJ5cACt9233EcR9VLYlxabiCA,Kasteel De Blankaart,"Iepersteenweg 56, 8650 Diksmuide","establishment,point_of_interest",OPERATIONAL,FALSE,maandag: 13:30–16:30 | dinsdag: 13:30–16:30 | woensdag: 13:30–16:30 | donderdag: 13:30–16:30 | vrijdag: 13:30–16:30 | zaterdag: 13:30–16:30 | zondag: 13:30–16:30,13:30–16:30,13:30–16:30,13:30–16:30,13:30–16:30,13:30–16:30,13:30–16:30,13:30–16:30,yes,OK,,"Kasteel de blankaart, Brussel, België",GOOGLE_PLACES
196,Kasteel van berlare,https://kastelenbelgie.be/nl/kasteel-van-berlare-berlare/,Oost-Vlaanderen,ChIJBycQb4mZw0cRTmjuHeudwIw,Kasteel van Berlare,"Frankrijkstraat 1, 9290 Berlare","establishment,point_of_interest",CLOSED_PERMANENTLY,,,,,,,,,,yes,OK,,"Kasteel van berlare, Oost-Vlaanderen, België",GOOGLE_PLACES
195,Paleis op de koudenberg,https://kastelenbelgie.be/nl/paleis-op-de-koudenberg-te-brussel/,Oost-Vlaanderen,ChIJFQNS1IDEw0cRXtQ_V9tou7I,Palais du Coudenberg,"Paleizenplein 7, 1000 Brussel","establishment,museum,point_of_interest,tourist_attraction",OPERATIONAL,FALSE,maandag: Gesloten | dinsdag: 09:30–17:00 | woensdag: 09:30–17:00 | donderdag: 09:30–17:00 | vrijdag: 09:30–17:00 | zaterdag: 10:00–18:00 | zondag: 10:00–18:00,Gesloten,09:30–17:00,09:30–17:00,09:30–17:00,09:30–17:00,10:00–18:00,10:00–18:00,yes,OK,,"Paleis op de koudenberg, Oost-Vlaanderen, België",GOOGLE_PLACES
194,Kasteel selsaete,https://kastelenbelgie.be/nl/kasteel-selsaete-wommelgem/,Oost-Vlaanderen,ChIJbR-dtBP5w0cRsb1f2RU1QyQ,Kasteel Selsaete,"2160, Selsaetenstraat 50, 2520 Ranst","establishment,point_of_interest",OPERATIONAL,,,,,,,,,,yes,OK,,"Kasteel selsaete, Oost-Vlaanderen, België",GOOGLE_PLACES
193,Kasteel mariahove,https://kastelenbelgie.be/nl/kasteel-mariahove-bellem/,Oost-Vlaanderen,ChIJkSyw_lRow0cRt8LiLnDOeKs,Mariahove,"Mariahovelaan 2, 9881 Aalter","establishment,health,point_of_interest",OPERATIONAL,,,,,,,,,,yes,OK,,"Kasteel mariahove, Oost-Vlaanderen, België",GOOGLE_PLACES
192,Kasteel de bist,https://kastelenbelgie.be/nl/kasteel-de-bist-ekeren/,Oost-Vlaanderen,ChIJk3jIfkv8w0cRzcbp2B96TNM,Kasteel De Bist,"Beukenlaan 16, 2560 Nijlen","establishment,point_of_interest",OPERATIONAL,,,,,,,,,,yes,OK,,"Kasteel de bist, Oost-Vlaanderen, België",GOOGLE_PLACES
191,Kasteel mussenborg,https://kastelenbelgie.be/nl/kasteel-mussenborg-edegem/,West-Vlaanderen,ChIJo-EEAKHww0cRlOG6zmQEAXQ,Kasteel Mussenborg,"Mechelsesteenweg 396, 2650 Edegem","establishment,point_of_interest",OPERATIONAL,,,,,,,,,,yes,OK,,"Kasteel mussenborg, West-Vlaanderen, België",GOOGLE_PLACES
190,Kasteel arendsnest,https://kastelenbelgie.be/nl/kasteel-arendsnest-edegem/,West-Vlaanderen,ChIJvQac75Hww0cRLBhgce1R7TQ,Kasteel Arendsnest,"Boerenlegerstraat 181, 2650 Edegem","establishment,point_of_interest",OPERATIONAL,,,,,,,,,,yes,OK,,"Kasteel arendsnest, West-Vlaanderen, België",GOOGLE_PLACES
189,Kasteel van s gravenwezel,https://kastelenbelgie.be/nl/kasteel-van-s-gravenwezel-s-gravenwezel/,Luxemburg,ChIJwVRNEn8HxEcRBsHqUO9OR4w,Kasteel van 's Gravenwezel,"Sint Jobsteenweg 64, 2970 Schilde","establishment,point_of_interest",CLOSED_PERMANENTLY,,,,,,,,,,yes,OK,,"Kasteel van s gravenwezel, Luxemburg, België",GOOGLE_PLACES
188,Kasteel van gravenhof,https://kastelenbelgie.be/nl/kasteel-van-gravenhof-te-dworp/,Luxemburg,ChIJ5cV9QizPw0cRQ84nVcGNl4I,Kasteel Gravenhof,"Alsembergsesteenweg 676, 1653 Beersel","establishment,lodging,point_of_interest",OPERATIONAL,,,,,,,,,,yes,OK,,"Kasteel van gravenhof, Luxemburg, België",GOOGLE_PLACES
187,Kasteel tudor,https://kastelenbelgie.be/nl/kasteel-tudor-sint-andries/,Henegouwen,ChIJqX16S4RRw0cRrW-ZtdoTkuA,Kasteel Tudor,"Zeeweg 147, 8200 Brugge","establishment,point_of_interest",OPERATIONAL,,,,,,,,,,yes,OK,,"Kasteel tudor, Henegouwen, België",GOOGLE_PLACES
186,Kasteel ter beken,https://kastelenbelgie.be/nl/kasteel-ter-beken-mariakerke-gent/,Vlaams-Brabant,ChIJL-a48clxw0cR_g01swSSLMM,Kasteel Ter Beken,"Beekstraat 1-3, 9030 Gent","establishment,point_of_interest",OPERATIONAL,,,,,,,,,,yes,OK,,"Kasteel ter beken, Vlaams-Brabant, België",GOOGLE_PLACES
185,Kasteel van nokere,https://kastelenbelgie.be/nl/kasteel-van-nokere-nokere-kruishoutem/,Antwerpen,ChIJ_-tFGQAVw0cRAS-iecBVypc,Kasteel Casier Nokere,9771 Kruisem,"establishment,point_of_interest",OPERATIONAL,,,,,,,,,,yes,OK,,"Kasteel van nokere, Antwerpen, België",GOOGLE_PLACES
184,Kasteel borgwal,https://kastelenbelgie.be/nl/kasteel-borgwal-gavere/,West-Vlaanderen,ChIJNQ_igtEMw0cRXHRj4HK_AVg,Kasteel Borgwal,"Leenstraat 36, 9890 Gavere","establishment,point_of_interest",OPERATIONAL,,,,,,,,,,yes,OK,,"Kasteel borgwal, West-Vlaanderen, België",GOOGLE_PLACES
183,Kasteel van Boussu,https://kastelenbelgie.be/nl/kasteel-van-boussu-boussu/,Oost-Vlaanderen,ChIJq8GGSTFYwkcRzQPm1RCqyDQ,Kasteel van Boussu,"Rue du Moulin 43, 7300 Boussu","establishment,park,point_of_interest,tourist_attraction",OPERATIONAL,FALSE,maandag: 09:00–18:00 | dinsdag: 09:00–18:00 | woensdag: 09:00–18:00 | donderdag: 09:00–18:00 | vrijdag: 09:00–18:00 | zaterdag: 09:00–18:00 | zondag: 09:00–18:00,09:00–18:00,09:00–18:00,09:00–18:00,09:00–18:00,09:00–18:00,09:00–18:00,09:00–18:00,yes,OK,,"Kasteel van Boussu, Oost-Vlaanderen, België",GOOGLE_PLACES
182,Het wit kasteel,https://kastelenbelgie.be/nl/het-wit-kasteel-te-linden/,Antwerpen,ChIJE6HcqiU7w0cRCuJwkWUETkA,t Wit Kasteel,"Doorniksesteenweg 210, 8500 Kortrijk","bar,establishment,food,point_of_interest,restaurant",OPERATIONAL,TRUE,"maandag: 12:00–14:00, 18:00–21:30 | dinsdag: 12:00–14:00, 18:00–21:30 | woensdag: 12:00–14:00, 18:00–21:30 | donderdag: 12:00–14:00, 18:00–21:30 | vrijdag: 12:00–14:00, 18:00–22:00 | zaterdag: 12:00–14:00, 18:00–22:00 | zondag: 12:00–14:00, 18:00–21:30","12:00–14:00, 18:00–21:30","12:00–14:00, 18:00–21:30","12:00–14:00, 18:00–21:30","12:00–14:00, 18:00–21:30","12:00–14:00, 18:00–22:00","12:00–14:00, 18:00–22:00","12:00–14:00, 18:00–21:30",yes,OK,,"Het wit kasteel, Antwerpen, België",GOOGLE_PLACES
181,Kasteel van La Roche-en-Ardenne,https://kastelenbelgie.be/nl/kasteel-van-la-roche-en-ardenne-la-roche-en-ardenne/,Luxemburg,ChIJ9RmyC9s4wEcRVOyNavWB0SA,Kasteel van La Roche-en-Ardenne,"Rue du, Vieux Chateau 4, 6980 La Roche-en-Ardenne","establishment,point_of_interest,tourist_attraction",OPERATIONAL,FALSE,maandag: 10:00–18:00 | dinsdag: 10:00–18:00 | woensdag: 10:00–18:00 | donderdag: 10:00–18:00 | vrijdag: 10:00–18:00 | zaterdag: 10:00–18:00 | zondag: 10:00–18:00,10:00–18:00,10:00–18:00,10:00–18:00,10:00–18:00,10:00–18:00,10:00–18:00,10:00–18:00,yes,OK,,"Kasteel van La Roche-en-Ardenne, Luxemburg, België",GOOGLE_PLACES
180,Kasteel groenendaal,https://kastelenbelgie.be/nl/kasteel-groenendaal-te-waltwilder-gemeente-bilzen/,Vlaams-Brabant,ChIJsZWxmgzaw0cRM9IgYQQx8p4,Kasteel van Hoeilaart,"Jan van Ruusbroecpark 1, 1560 Hoeilaart","establishment,point_of_interest",OPERATIONAL,,,,,,,,,,yes,OK,,"Kasteel groenendaal, Vlaams-Brabant, België",GOOGLE_PLACES
179,Kasteel van Spiere,https://kastelenbelgie.be/nl/kasteel-van-spiere-spiere/,West-Vlaanderen,ChIJF2upNC0iw0cR7mLwMIonnnw,Kasteel van Spiere-Helkijn,"Jacquetbosstraat 50-52, 8587 Spiere-Helkijn","establishment,point_of_interest",CLOSED_PERMANENTLY,,,,,,,,,,yes,OK,,"Kasteel van Spiere, West-Vlaanderen, België",GOOGLE_PLACES
178,Kasteel daspremont lynden,https://kastelenbelgie.be/nl/kasteel-daspremont-lynden-oud-rekem-gemeente-lanaken/,Henegouwen,ChIJg3dj2ofDwEcRm2q6jWvtN40,Kasteel d’Aspremont - Lynden,"Kanaalstraat, 3621 Lanaken","establishment,museum,point_of_interest",CLOSED_TEMPORARILY,,,,,,,,,,yes,OK,,"Kasteel daspremont lynden, Henegouwen, België",GOOGLE_PLACES
177,Kasteel daalbroek,https://kastelenbelgie.be/nl/kasteel-daalbroek-rekem/,Henegouwen,ChIJyc-sUxDDwEcRTmPtTAkToKk,Kasteel Daalbroek en hoeve,"Daalbroekstraat 66, 3621 Lanaken","establishment,point_of_interest",OPERATIONAL,,,,,,,,,,yes,OK,,"Kasteel daalbroek, Henegouwen, België",GOOGLE_PLACES
176,Kasteel ter leyen,https://kastelenbelgie.be/nl/kasteel-ter-leyen-boekhoute/,Oost-Vlaanderen,ChIJs6Hi5ad9w0cRlDUw2_4fTR8,Kasteel Ter Leyen,"Boekhoutedorpstraat 5, 9961 Assenede","establishment,lodging,point_of_interest",OPERATIONAL,,,,,,,,,,yes,OK,,"Kasteel ter leyen, Oost-Vlaanderen, België",GOOGLE_PLACES
175,Kasteel van wakken,https://kastelenbelgie.be/nl/kasteel-van-wakken-wakken/,West-Vlaanderen,ChIJJYChkrc_w0cR6DU1btsH36M,Kasteel van Wakken,"Kasteeldreef 9, 8720 Dentergem","establishment,point_of_interest",CLOSED_PERMANENTLY,,,,,,,,,,yes,OK,,"Kasteel van wakken, West-Vlaanderen, België",GOOGLE_PLACES
174,Kasteel t hooghe,https://kastelenbelgie.be/nl/kasteel-t-hooghe-kortrijk/,West-Vlaanderen,ChIJf9iqezE7w0cR0P8QKCcyXJY,Kasteelpark 't Hooghe,"Doorniksesteenweg 218, 8500 Kortrijk","establishment,point_of_interest",OPERATIONAL,,,,,,,,,,yes,OK,,"Kasteel t hooghe, West-Vlaanderen, België",GOOGLE_PLACES
173,Kasteel van olsene,https://kastelenbelgie.be/nl/kasteel-van-olsene-olsene-zulte/,West-Vlaanderen,ChIJ_bFfIOcVw0cR1ZVBUOrxbHQ,Kasteel van Olsene,"Grote Steenweg 21, 9870 Zulte","establishment,point_of_interest",OPERATIONAL,,,,,,,,,,yes,OK,,"Kasteel van olsene, West-Vlaanderen, België",GOOGLE_PLACES
172,Kasteel duras,https://kastelenbelgie.be/nl/kasteel-duras-te-duras/,Limburg,ChIJbZ5hNNoWwUcRoL_1aphd8Xw,Kasteel van Duras,"Park 1, 3803 Sint-Truiden","establishment,lodging,point_of_interest",OPERATIONAL,,,,,,,,,,yes,OK,,"Kasteel duras, Limburg, België",GOOGLE_PLACES
171,Kasteel hovorst,https://kastelenbelgie.be/nl/kasteel-hovorst-viersel/,Vlaams-Brabant,ChIJpxHOBcZVwUcRll9pzM8TSJU,Kasteel Hovorst,2240 Zandhoven,"establishment,point_of_interest",OPERATIONAL,,,,,,,,,,yes,OK,,"Kasteel hovorst, Vlaams-Brabant, België",GOOGLE_PLACES
170,Kasteel de blauwe toren,https://kastelenbelgie.be/nl/kasteel-de-blauwe-toren-varsenare/,Antwerpen,ChIJ5-AX2OdTw0cRSvpRnKMXwfc,Kasteel De Blauwe Toren,"De Manlaan 50, 8490 Jabbeke","establishment,point_of_interest",OPERATIONAL,,,,,,,,,,yes,OK,,"Kasteel de blauwe toren, Antwerpen, België",GOOGLE_PLACES
169,Bisschoppenhof,https://kastelenbelgie.be/nl/bisschoppenhof-deurne/,Antwerpen,ChIJbSpVQ4_3w0cR19wtLPYFfyU,Bisschoppenhof,"Suzanne Spanhovenstraat 2, 2100 Antwerpen","establishment,park,point_of_interest",OPERATIONAL,TRUE,maandag: 24 uur geopend | dinsdag: 24 uur geopend | woensdag: 24 uur geopend | donderdag: 24 uur geopend | vrijdag: 24 uur geopend | zaterdag: 24 uur geopend | zondag: 24 uur geopend,24 uur geopend,24 uur geopend,24 uur geopend,24 uur geopend,24 uur geopend,24 uur geopend,24 uur geopend,yes,OK,,"Bisschoppenhof, Antwerpen, België",GOOGLE_PLACES
168,Kasteel van Vêves,https://kastelenbelgie.be/nl/kasteel-van-veves-te-celles/,Namen,ChIJa7r7qbXAwUcROBFHnpEIwRg,Kasteel van Vêves,"Rue de Furfooz 3, 5561 Houyet","establishment,point_of_interest,tourist_attraction",OPERATIONAL,FALSE,maandag: Gesloten | dinsdag: Gesloten | woensdag: Gesloten | donderdag: Gesloten | vrijdag: 10:00–17:00 | zaterdag: 10:00–17:00 | zondag: 10:00–17:00,Gesloten,Gesloten,Gesloten,Gesloten,10:00–17:00,10:00–17:00,10:00–17:00,yes,OK,,"Kasteel van Vêves, Namen, België",GOOGLE_PLACES
167,Kasteel miranda,https://kastelenbelgie.be/nl/kasteel-miranda-celles/,Namen,ChIJa7r7qbXAwUcROBFHnpEIwRg,Kasteel van Vêves,"Rue de Furfooz 3, 5561 Houyet","establishment,point_of_interest,tourist_attraction",OPERATIONAL,FALSE,maandag: Gesloten | dinsdag: Gesloten | woensdag: Gesloten | donderdag: Gesloten | vrijdag: 10:00–17:00 | zaterdag: 10:00–17:00 | zondag: 10:00–17:00,Gesloten,Gesloten,Gesloten,Gesloten,10:00–17:00,10:00–17:00,10:00–17:00,yes,OK,,"Kasteel miranda, Namen, België",GOOGLE_PLACES
166,Kasteel van veulen,https://kastelenbelgie.be/nl/kasteel-van-veulen-veulen/,Namen,ChIJ9UIaLgAbwUcRFsHfxbmdCt0,Veulen Castle,"Kasteelstraat, 3870 Heers","establishment,point_of_interest",CLOSED_PERMANENTLY,,,,,,,,,,yes,OK,,"Kasteel van veulen, Namen, België",GOOGLE_PLACES
165,Kasteel van nieuwenhoven,https://kastelenbelgie.be/nl/kasteel-van-nieuwenhoven-te-sint-truiden/,Limburg,ChIJ6e8vUIIXwUcReWl_m6sUqcg,Kasteel Nieuwenhoven,"Engelbamp 55, 3800 Sint-Truiden","establishment,food,point_of_interest,restaurant",OPERATIONAL,TRUE,maandag: Gesloten | dinsdag: 10:30–22:00 | woensdag: 10:30–22:00 | donderdag: 10:30–22:00 | vrijdag: 10:30–22:00 | zaterdag: 10:30–22:00 | zondag: 10:30–22:00,Gesloten,10:30–22:00,10:30–22:00,10:30–22:00,10:30–22:00,10:30–22:00,10:30–22:00,yes,OK,,"Kasteel van nieuwenhoven, Limburg, België",GOOGLE_PLACES
164,Kasteel van altena,https://kastelenbelgie.be/nl/kasteel-van-altena-kontich/,Oost-Vlaanderen,ChIJpy6mEYTzw0cRgO93wyYeAIY,Kasteel Altena,"Burchtstraat 11, 9150 Beveren-Kruibeke-Zwijndrecht","establishment,museum,point_of_interest,tourist_attraction",OPERATIONAL,,,,,,,,,,yes,OK,,"Kasteel van altena, Oost-Vlaanderen, België",GOOGLE_PLACES
163,Kasteel scheldevelde,https://kastelenbelgie.be/nl/kasteel-scheldevelde-de-pinte/,Oost-Vlaanderen,ChIJIehXg_Zyw0cRwU5JkUsFXB4,Kasteel Scheldevelde,"Scheldeveldestraat, 9840 Nazareth-De Pinte","establishment,park,point_of_interest,tourist_attraction",OPERATIONAL,TRUE,maandag: 24 uur geopend | dinsdag: 24 uur geopend | woensdag: 24 uur geopend | donderdag: 24 uur geopend | vrijdag: 24 uur geopend | zaterdag: 24 uur geopend | zondag: 24 uur geopend,24 uur geopend,24 uur geopend,24 uur geopend,24 uur geopend,24 uur geopend,24 uur geopend,24 uur geopend,yes,OK,,"Kasteel scheldevelde, Oost-Vlaanderen, België",GOOGLE_PLACES
162,Kasteel nieuwland,https://kastelenbelgie.be/nl/kasteel-nieuwland-te-aarschot/,Oost-Vlaanderen,ChIJ_2Vuao1cwUcR-XBMXU9YuA4,Kasteel van Nieuwland,"Beemdenstraat 61, 3200 Aarschot","establishment,lodging,point_of_interest",OPERATIONAL,TRUE,maandag: 07:00–00:00 | dinsdag: 07:00–00:00 | woensdag: 07:00–00:00 | donderdag: 07:00–00:00 | vrijdag: 07:00–00:00 | zaterdag: 07:00–00:00 | zondag: 07:00–00:00,07:00–00:00,07:00–00:00,07:00–00:00,07:00–00:00,07:00–00:00,07:00–00:00,07:00–00:00,yes,OK,,"Kasteel nieuwland, Oost-Vlaanderen, België",GOOGLE_PLACES
161,Kasteel van rivieren,https://kastelenbelgie.be/nl/kasteel-van-rivieren-te-aarschot/,Vlaams-Brabant,ChIJJ5aglopcwUcR42VsAtpPOu0,Kasteel ter Rivieren,"Begijnendijksesteenweg 221, 3200 Aarschot","establishment,point_of_interest",OPERATIONAL,,,,,,,,,,yes,OK,,"Kasteel van rivieren, Vlaams-Brabant, België",GOOGLE_PLACES
160,Kasteel cantecroy,https://kastelenbelgie.be/nl/kasteel-cantecroy-mortsel/,Antwerpen,ChIJT8PGNgD6w0cRCgaxCwIyuI8,Kasteel Cantecroy,"Cantecroylaan 30, 2640 Mortsel","establishment,point_of_interest",OPERATIONAL,,,,,,,,,,yes,OK,,"Kasteel cantecroy, Antwerpen, België",GOOGLE_PLACES
159,Kasteel van wideux,https://kastelenbelgie.be/nl/kasteel-van-wideux-hasselt/,Luik,ChIJ8wgqhkcjwUcRBm2u2jrYklQ,Kasteel van Wideux,"Wideuxdreef 2, 3500 Hasselt","establishment,point_of_interest",OPERATIONAL,,,,,,,,,,yes,OK,,"Kasteel van wideux, Luik, België",GOOGLE_PLACES
158,Kasteel van mombeek,https://kastelenbelgie.be/nl/kasteel-van-mombeek-hasselt/,Luik,ChIJ2WqkDn0fwUcRAScSVUBC5yE,Kasteel van Mombeek,"Mombeekdreef 98, 3500 Hasselt","establishment,point_of_interest",OPERATIONAL,,,,,,,,,,yes,OK,,"Kasteel van mombeek, Luik, België",GOOGLE_PLACES
157,Kasteel bayard,https://kastelenbelgie.be/nl/kasteel-bayard-dhuy/,Namen,ChIJM71Os_2dwUcRlir9N0a63kI,Château Bayard,"Route de la Bruyère, Dhuy, Rue du Château-Bayard 4, 5310 Éghezée","establishment,point_of_interest",OPERATIONAL,TRUE,maandag: 09:00–20:00 | dinsdag: 09:00–20:00 | woensdag: 09:00–20:00 | donderdag: 09:00–20:00 | vrijdag: 09:00–20:00 | zaterdag: 09:00–20:00 | zondag: Gesloten,09:00–20:00,09:00–20:00,09:00–20:00,09:00–20:00,09:00–20:00,09:00–20:00,Gesloten,yes,OK,,"Kasteel bayard, Namen, België",GOOGLE_PLACES
156,Kasteel le fy,https://kastelenbelgie.be/nl/kasteel-le-fy-esneux/,Namen,ChIJZ9hyCABZwEcR6bgsd0ll6r0,Chateau des Fy,"All. Robert Dalem 9, 4130 Esneux","establishment,point_of_interest",OPERATIONAL,,,,,,,,,,yes,OK,,"Kasteel le fy, Namen, België",GOOGLE_PLACES
155,Kasteel van Attre,https://kastelenbelgie.be/nl/kasteel-van-attre-attre/,Henegouwen,ChIJiSaCMM5UwkcRA-TIkxdqx5Y,Kasteel van Attre,"Av. du Château 8, 7941 Brugelette","establishment,point_of_interest,tourist_attraction",OPERATIONAL,FALSE,maandag: Gesloten | dinsdag: Gesloten | woensdag: Gesloten | donderdag: Gesloten | vrijdag: Gesloten | zaterdag: 14:00–18:00 | zondag: 14:00–18:00,Gesloten,Gesloten,Gesloten,Gesloten,Gesloten,14:00–18:00,14:00–18:00,yes,OK,,"Kasteel van Attre, Henegouwen, België",GOOGLE_PLACES
154,Kasteel van corroy le chateau,https://kastelenbelgie.be/nl/kasteel-van-corroy-le-chateau-corroy-le-chateau/,Namen,ChIJi3NPlGKBwUcRslz396ahGPc,Kasteel van Corroy-le-Château,"Rue du Château de Corroy 4, 5032 Gembloux","establishment,point_of_interest,tourist_attraction",OPERATIONAL,FALSE,"maandag: Gesloten | dinsdag: Gesloten | woensdag: Gesloten | donderdag: Gesloten | vrijdag: Gesloten | zaterdag: Gesloten | zondag: 10:00–12:00, 14:00–18:00",Gesloten,Gesloten,Gesloten,Gesloten,Gesloten,Gesloten,"10:00–12:00, 14:00–18:00",yes,OK,,"Kasteel van corroy le chateau, Namen, België",GOOGLE_PLACES
153,Kasteel des cailloux,https://kastelenbelgie.be/nl/kasteel-des-cailloux-geldenaken/,Waals-Brabant,ChIJ41kmBIhxwUcRZSv__RdW8FU,Château des Cailloux,"Chau. de Hannut 129, 1370 Jodoigne","establishment,point_of_interest",OPERATIONAL,,,,,,,,,,yes,OK,,"Kasteel des cailloux, Waals-Brabant, België",GOOGLE_PLACES
152,Kasteel van moriensart,https://kastelenbelgie.be/nl/kasteel-van-moriensart-ceroux-mousty/,Waals-Brabant,ChIJ5fFRrCTUw0cRkI9rJYcnuhg,Moriensart (Chateau-Ferme),"Rue de Moriensart 9, 1341 Ottignies-Louvain-la-Neuve","establishment,point_of_interest",OPERATIONAL,,,,,,,,,,yes,OK,,"Kasteel van moriensart, Waals-Brabant, België",GOOGLE_PLACES
151,Kasteel rose,https://kastelenbelgie.be/nl/kasteel-rose-orp-le-petit/,Waals-Brabant,ChIJZzzIxRkNwUcRRdFjXIBpfI0,Chateau Rose,1350 Orp-Jauche,"establishment,point_of_interest",CLOSED_PERMANENTLY,,,,,,,,,,yes,OK,,"Kasteel rose, Waals-Brabant, België",GOOGLE_PLACES
150,Kasteel van sombreffe,https://kastelenbelgie.be/nl/kasteel-van-sombreffe-sombreffe/,Waals-Brabant,ChIJ4bPnduaAwUcR04ZkQfvzRRs,Kasteel van Sombreffe,"Rue du Château 1, 5140 Sombreffe","establishment,point_of_interest",OPERATIONAL,,,,,,,,,,yes,OK,,"Kasteel van sombreffe, Waals-Brabant, België",GOOGLE_PLACES
149,Kasteel van rond,https://kastelenbelgie.be/nl/kasteel-van-rond-chene-esneux/,Namen,ChIJN5NW0XaZwUcRe0qIPAKGKqs,Citadel van Namen,"Rte Merveilleuse 64, 5000 Namur","establishment,point_of_interest,tourist_attraction",OPERATIONAL,TRUE,maandag: 10:00–18:30 | dinsdag: 10:00–18:30 | woensdag: 10:00–18:30 | donderdag: 10:00–18:30 | vrijdag: 10:00–18:30 | zaterdag: 10:00–18:30 | zondag: 10:00–18:30,10:00–18:30,10:00–18:30,10:00–18:30,10:00–18:30,10:00–18:30,10:00–18:30,10:00–18:30,yes,OK,,"Kasteel van rond, Namen, België",GOOGLE_PLACES
148,Chateau de Prelle,https://kastelenbelgie.be/nl/chateau-de-prelle-manage/,Luik,ChIJn-MbVgA3wkcRfeAnbLJwaA8,Château de Prelle,"Chau. de Nivelles 42, 7170 Manage","establishment,point_of_interest",OPERATIONAL,,,,,,,,,,yes,OK,,"Chateau de Prelle, Luik, België",GOOGLE_PLACES
147,Kasteel van obsinnich remersdaal te voeren,https://kastelenbelgie.be/nl/kasteel-van-obsinnich-remersdaal-te-voeren/,Luik,ChIJOyHxkl2TwEcRXKG0egijGGk,Kasteel van Obsinnich,"Obsinnich 6, 3791 Voeren","establishment,point_of_interest",OPERATIONAL,,,,,,,,,,yes,OK,,"Kasteel van obsinnich remersdaal te voeren, Luik, België",GOOGLE_PLACES
146,Kasteel rouge bas,https://kastelenbelgie.be/nl/kasteel-rouge-bas-oha-wanze/,Namen,ChIJJ7QNb5PPw0cRjXAVcByVFWQ,Château de Namur,"Av. de l'Ermitage 1, 5000 Namur","establishment,food,lodging,point_of_interest,restaurant",OPERATIONAL,TRUE,maandag: 24 uur geopend | dinsdag: 24 uur geopend | woensdag: 24 uur geopend | donderdag: 24 uur geopend | vrijdag: 24 uur geopend | zaterdag: 24 uur geopend | zondag: 24 uur geopend,24 uur geopend,24 uur geopend,24 uur geopend,24 uur geopend,24 uur geopend,24 uur geopend,24 uur geopend,yes,OK,,"Kasteel rouge bas, Namen, Belgique",GOOGLE_PLACES
145,Kasteel laide,https://kastelenbelgie.be/nl/kasteel-laide-fagne-steinbach/,Luik,ChIJi_U_v2AAwUcR2b2LplIljfw,Kasteel van Jehay,"Rue du Parc 1, 4540 Amay","establishment,museum,park,point_of_interest,tourist_attraction",OPERATIONAL,FALSE,maandag: 11:00–18:00 | dinsdag: 11:00–18:00 | woensdag: 11:00–18:00 | donderdag: 11:00–18:00 | vrijdag: 11:00–18:00 | zaterdag: 11:00–18:00 | zondag: 11:00–18:00,11:00–18:00,11:00–18:00,11:00–18:00,11:00–18:00,11:00–18:00,11:00–18:00,11:00–18:00,yes,OK,,"Kasteel laide, Luik, België",GOOGLE_PLACES
144,Kasteel la motte,https://kastelenbelgie.be/nl/kasteel-la-motte-te-sint-ulriks-kapelle/,Namen,ChIJVbupdZ3Aw0cR-6v4f1xgsh0,Kasteel La Motte,"Lumbeekstraat 20, 1700 Dilbeek","establishment,museum,point_of_interest",OPERATIONAL,,,,,,,,,,yes,OK,,"Kasteel la motte, Namen, België",GOOGLE_PLACES
143,Kasteel van waleffe,https://kastelenbelgie.be/nl/kasteel-van-waleffe-les-waleffes/,Luik,ChIJb87fwocGwUcRikONRUyi5kk,Château de Les Waleffes,"Rue de Borlez 45, 4317 Faimes","establishment,lodging,point_of_interest,store",OPERATIONAL,,,,,,,,,,yes,OK,,"Kasteel van waleffe, Luik, België",GOOGLE_PLACES
142,Commanderij van sint pieters voeren,https://kastelenbelgie.be/nl/commanderij-van-sint-pieters-voeren-te-sint-pieters-voeren-te-voeren/,Luik,ChIJb84dwTaTwEcR0qgdvSUs2GE,Commanderij van Sint-Pieters-Voeren,"Commanderie 1, 3792 Voeren","establishment,point_of_interest",OPERATIONAL,,,,,,,,,,yes,OK,,"Commanderij van sint pieters voeren, Luik, België",GOOGLE_PLACES
141,Kasteel kijckuit,https://kastelenbelgie.be/nl/kasteel-kijckuit-wijnegem/,Luik,ChIJi_U_v2AAwUcR2b2LplIljfw,Kasteel van Jehay,"Rue du Parc 1, 4540 Amay","establishment,museum,park,point_of_interest,tourist_attraction",OPERATIONAL,FALSE,maandag: 11:00–18:00 | dinsdag: 11:00–18:00 | woensdag: 11:00–18:00 | donderdag: 11:00–18:00 | vrijdag: 11:00–18:00 | zaterdag: 11:00–18:00 | zondag: 11:00–18:00,11:00–18:00,11:00–18:00,11:00–18:00,11:00–18:00,11:00–18:00,11:00–18:00,11:00–18:00,yes,OK,,"Kasteel kijckuit, Luik, België",GOOGLE_PLACES
140,Kasteel van moerkerke,https://kastelenbelgie.be/nl/kasteel-van-moerkerke-moerkerke/,Vlaams-Brabant,ChIJZaODwRdZw0cRy2puknUf5s4,Kasteel van Moerkerke,"Kasteelstraat 7, 8340 Damme","establishment,point_of_interest",OPERATIONAL,,,,,,,,,,yes,OK,,"Kasteel van moerkerke, Vlaams-Brabant, België",GOOGLE_PLACES
139,Kasteel walburg,https://kastelenbelgie.be/nl/kasteel-walburg-sint-niklaas/,Antwerpen,ChIJHbROzZuOw0cRzp--Fd1l9yw,Kasteel Walburg,"Walburgstraat 35, 9100 Sint-Niklaas","establishment,food,point_of_interest,restaurant",OPERATIONAL,TRUE,maandag: Gesloten | dinsdag: 11:00–23:00 | woensdag: 11:00–23:00 | donderdag: 11:00–23:00 | vrijdag: 11:00–23:00 | zaterdag: 11:00–23:00 | zondag: 11:00–22:00,Gesloten,11:00–23:00,11:00–23:00,11:00–23:00,11:00–23:00,11:00–23:00,11:00–22:00,yes,OK,,"Kasteel walburg, Antwerpen, België",GOOGLE_PLACES
138,Kasteel van rullingen,https://kastelenbelgie.be/nl/kasteel-van-rullingen-te-kuttekoven-gemeente-borgloon/,Antwerpen,ChIJmYXTLEMfwUcRw6CQPnqwb4w,Kasteel Rullingen,"Borgloon Rullingen Kasteel, 3840 Tongeren-Borgloon","establishment,point_of_interest",OPERATIONAL,,,,,,,,,,yes,OK,,"Kasteel van rullingen, Antwerpen, België",GOOGLE_PLACES
137,Kasteel de merode,https://kastelenbelgie.be/nl/kasteel-de-merode-westerlo/,Namen,ChIJJS7k3WRPwUcRsDu0_A8y8ts,Kasteel de Merode,"Polderstraat 51, 2260 Westerlo","establishment,point_of_interest",OPERATIONAL,,,,,,,,,,yes,OK,,"Kasteel de merode, Namen, België",GOOGLE_PLACES
136,Waterkasteel van moorsel,https://kastelenbelgie.be/nl/waterkasteel-van-moorsel-moorsel/,Vlaams-Brabant,ChIJmT3knxWXw0cRlONSTPxUqlw,Waterkasteel van Moorsel,"Waterkasteel, 9310 Aalst","establishment,point_of_interest",CLOSED_TEMPORARILY,,,,,,,,,,yes,OK,,"Waterkasteel van moorsel, Vlaams-Brabant, België",GOOGLE_PLACES
135,Kasteel terlinden,https://kastelenbelgie.be/nl/kasteel-terlinden-aalst/,Limburg,ChIJGQsb5bfxw0cR5Ei7WddfQmk,Kasteel Hof ter Linden,"Drie Eikenstraat 3, 2650 Edegem","establishment,point_of_interest",OPERATIONAL,,,,,,,,,,yes,OK,,"Kasteel terlinden, Limburg, België",GOOGLE_PLACES
134,Kasteel reinhardstein,https://kastelenbelgie.be/nl/kasteel-reinhardstein-burg-metternich-te-weismes/,Luxemburg,ChIJAQzBNt9-wEcRKVp21cFCIYE,Burcht Reinhardstein,"Chem. du Cheneux 50/50, 4950, 4950 Waimes","establishment,museum,park,point_of_interest,tourist_attraction",OPERATIONAL,,,,,,,,,,yes,OK,,"Kasteel reinhardstein, Luxemburg, België",GOOGLE_PLACES
133,Kasteel groenendaal,https://kastelenbelgie.be/nl/kasteel-groenendaal-merksem/,Antwerpen,ChIJYQsL4cf3w0cRdxhk8OckNEI,Kasteel Groenendaal,"Kasteel Groenendaal, 2170 Antwerpen","premise,street_address",,,,,,,,,,,no,OK,,"Kasteel groenendaal, Antwerpen, België",GOOGLE_PLACES
132,Kastelen in Limburg,https://kastelenbelgie.be/nl/kastelen-limburg/,Antwerpen,,,,,,,,,,,,,,,,SKIPPED_INDEX,,,
131,Kasteel van La Berlière,https://kastelenbelgie.be/nl/kasteel-van-la-berliere-houtaing/,Antwerpen,ChIJ7ZytEcFHwEcRLiUsKt5Yjrw,Château de Blier,"Rue Croix-Henquin 6, 6997 Érezée","establishment,lodging,point_of_interest",OPERATIONAL,TRUE,maandag: 24 uur geopend | dinsdag: 24 uur geopend | woensdag: 24 uur geopend | donderdag: 24 uur geopend | vrijdag: 24 uur geopend | zaterdag: 24 uur geopend | zondag: 24 uur geopend,24 uur geopend,24 uur geopend,24 uur geopend,24 uur geopend,24 uur geopend,24 uur geopend,24 uur geopend,yes,OK,,"Kasteel van La Berlière, Antwerpen, België",GOOGLE_PLACES
130,Waterslot cleydael,https://kastelenbelgie.be/nl/waterslot-cleydael-aartselaar/,Antwerpen,ChIJM5I94_Hxw0cReh4KIxVCRV4,Kasteel Cleydael,"Cleydaellaan 36, 2630 Aartselaar","establishment,point_of_interest",OPERATIONAL,,,,,,,,,,yes,OK,,"Waterslot cleydael, Antwerpen, België",GOOGLE_PLACES
129,Kasteel van vianden,https://kastelenbelgie.be/nl/kasteel-van-vianden-vianden/,Antwerpen,ChIJAViZ7X37v0cRIr2yg5fv88M,Kasteel Vianden,"Mnt du Château, 9408 Vianden, Luxemburg","establishment,point_of_interest,tourist_attraction",OPERATIONAL,FALSE,maandag: 10:00–18:00 | dinsdag: 10:00–18:00 | woensdag: 10:00–18:00 | donderdag: 10:00–18:00 | vrijdag: 10:00–18:00 | zaterdag: 10:00–18:00 | zondag: 10:00–18:00,10:00–18:00,10:00–18:00,10:00–18:00,10:00–18:00,10:00–18:00,10:00–18:00,10:00–18:00,yes,OK,,"Kasteel van vianden, Antwerpen, België",GOOGLE_PLACES
128,De hof van veltwijck,https://kastelenbelgie.be/nl/de-hof-van-veltwijck-ekeren/,Antwerpen,ChIJEz2fIc0JxEcRs1hnhwKUDGw,Waterkasteel Hof van Veltwijck,"Veltwijcklaan 27, 2180 Antwerpen","establishment,point_of_interest",OPERATIONAL,,,,,,,,,,yes,OK,,"De hof van veltwijck, Antwerpen, België",GOOGLE_PLACES
127,De berlaarhof,https://kastelenbelgie.be/nl/de-berlaarhof-berlaar/,Antwerpen,ChIJyW8j1Ez5w0cRBwimwwAaJcI,Kasteel Boterlaerhof,"Vaartweg 438, 2100 Antwerpen","establishment,lodging,point_of_interest",OPERATIONAL,,,,,,,,,,yes,OK,,"De berlaarhof, Antwerpen, België",GOOGLE_PLACES
126,Kasteel van schoten,https://kastelenbelgie.be/nl/kasteel-van-schoten-schoten/,Vlaams-Brabant,ChIJqygXyBb4w0cRB-hu8r4BcAY,Kasteel van Schoten (kasteel Wetschot),"Kasteeldreef 61, 2900 Schoten","establishment,park,point_of_interest,tourist_attraction",OPERATIONAL,,,,,,,,,,yes,OK,,"Kasteel van schoten, Vlaams-Brabant, België",GOOGLE_PLACES
125,Kasteel waalborre,https://kastelenbelgie.be/nl/kasteel-waalborre-te-asse/,Vlaams-Brabant,ChIJ9dOImpa_w0cRE2f3QwcHzI8,Brasserie Waalborre by De Metinas,"Parklaan 20, 1730 Asse","establishment,food,point_of_interest,restaurant",OPERATIONAL,TRUE,"maandag: Gesloten | dinsdag: Gesloten | woensdag: 12:00–14:30, 18:00–22:00 | donderdag: 12:00–14:30, 18:00–22:00 | vrijdag: 12:00–14:30, 18:00–22:00 | zaterdag: 18:00–22:30 | zondag: 12:00–21:00",Gesloten,Gesloten,"12:00–14:30, 18:00–22:00","12:00–14:30, 18:00–22:00","12:00–14:30, 18:00–22:00",18:00–22:30,12:00–21:00,yes,OK,,"Kasteel waalborre, Vlaams-Brabant, België",GOOGLE_PLACES
124,Kasteel fallon de keyser,https://kastelenbelgie.be/nl/kasteel-fallon-de-keyser-destelbergen/,Oost-Vlaanderen,ChIJFTp0WUB2w0cRk13dtCqw8Xk,Kasteel Fallon-de Keyser,9070 Destelbergen,"establishment,point_of_interest",OPERATIONAL,,,,,,,,,,yes,OK,,"Kasteel fallon de keyser, Oost-Vlaanderen, België",GOOGLE_PLACES
123,Kasteel puyenbrug,https://kastelenbelgie.be/nl/kasteel-puyenbrug-domein-puyenbroeck-wachtebeke/,Oost-Vlaanderen,ChIJ06yjdIaCw0cRPehl1zm9plE,Provinciaal Domein Puyenbroeck,"Puyenbrug 1A, 9185 Lochristi","establishment,park,point_of_interest,tourist_attraction",OPERATIONAL,TRUE,maandag: 09:00–21:30 | dinsdag: 09:00–21:30 | woensdag: 09:00–21:30 | donderdag: 09:00–21:30 | vrijdag: 09:00–21:30 | zaterdag: 09:00–21:30 | zondag: 09:00–21:30,09:00–21:30,09:00–21:30,09:00–21:30,09:00–21:30,09:00–21:30,09:00–21:30,09:00–21:30,yes,OK,,"Kasteel puyenbrug, Oost-Vlaanderen, België",GOOGLE_PLACES
122,Kasteel van strijtem,https://kastelenbelgie.be/nl/kasteel-van-strijtem-strijtem/,Oost-Vlaanderen,ChIJK6-O0125w0cR4ZmsZ8tP-vA,Kasteel Van Strijtem,"Schilder Evenepoelstraat 7, 1760 Roosdaal","establishment,point_of_interest",CLOSED_PERMANENTLY,,,,,,,,,,yes,OK,,"Kasteel van strijtem, Oost-Vlaanderen, België",GOOGLE_PLACES
121,Kasteel borluut,https://kastelenbelgie.be/nl/kasteel-borluut-sint-denijs-westrem/,Henegouwen,ChIJaalR7WNzw0cRDeWtWa49A74,Kasteel Borluut,"Kleine Gentstraat 46, 9051 Gent","establishment,point_of_interest",OPERATIONAL,,,,,,,,,,yes,OK,,"Kasteel borluut, Henegouwen, België",GOOGLE_PLACES
120,Kasteel de campagne,https://kastelenbelgie.be/nl/kasteel-de-campagne-drongen-gent/,Namen,ChIJi99IyCRuw0cR4ac7iPeOL3Q,De Campagne Castle,"Gijzelstraat 12, 9031 Gent","establishment,point_of_interest",OPERATIONAL,,,,,,,,,,yes,OK,,"Kasteel de campagne, Namen, België",GOOGLE_PLACES
119,Kasteel van seraing,https://kastelenbelgie.be/nl/kasteel-van-seraing-le-chateau-seraing-le-chateau/,Vlaams-Brabant,ChIJFTcw4HABwUcRQlC8Ug23qKM,Kasteel van Seraing-le-Château,"Rue du Château, 4537 Verlaine","establishment,point_of_interest",OPERATIONAL,,,,,,,,,,yes,OK,,"Kasteel van seraing, Vlaams-Brabant, België",GOOGLE_PLACES
118,Kasteel du lac genval,https://kastelenbelgie.be/nl/kasteel-du-lac-genval/,Brussel,ChIJT36Ubj3Xw0cRV0Elo17ldTI,Martin's Château du Lac,"Av. du Lac 87, 1332 Rixensart","bar,establishment,food,lodging,point_of_interest,restaurant,spa",OPERATIONAL,TRUE,maandag: 24 uur geopend | dinsdag: 24 uur geopend | woensdag: 24 uur geopend | donderdag: 24 uur geopend | vrijdag: 24 uur geopend | zaterdag: 24 uur geopend | zondag: 24 uur geopend,24 uur geopend,24 uur geopend,24 uur geopend,24 uur geopend,24 uur geopend,24 uur geopend,24 uur geopend,yes,OK,,"Kasteel du lac genval, Brussel, België",GOOGLE_PLACES
117,Kasteel van regelsbrugge,https://kastelenbelgie.be/nl/kasteel-van-regelsbrugge-aalst/,Antwerpen,ChIJbb26OU29w0cRWKGZGBtymNQ,Kasteel van Regelsbrugge,"Kwalestraat 119, 9320 Aalst","doctor,establishment,health,point_of_interest",OPERATIONAL,,,,,,,,,,yes,OK,,"Kasteel van regelsbrugge, Antwerpen, België",GOOGLE_PLACES
116,Braemkasteel,https://kastelenbelgie.be/nl/braemkasteel-gentbrugge/,Oost-Vlaanderen,ChIJv3XAKaB2w0cRzBYKwyR17DE,Braemkasteel,"Braemkasteelstraat 26, 9050 Gent","establishment,point_of_interest",OPERATIONAL,,,,,,,,,,yes,OK,,"Braemkasteel, Oost-Vlaanderen, België",GOOGLE_PLACES
115,Kasteel viteux,https://kastelenbelgie.be/nl/kasteel-viteux-de-pinte/,Oost-Vlaanderen,ChIJL8mJtI5yw0cRZpAKurZoPqI,Madame Viteux,"Kerkplein 8, 9840 Nazareth-De Pinte","bar,establishment,food,point_of_interest,restaurant",OPERATIONAL,TRUE,maandag: Gesloten | dinsdag: Gesloten | woensdag: 16:00–00:00 | donderdag: 16:00–00:00 | vrijdag: 16:00–01:00 | zaterdag: 16:00–00:00 | zondag: 15:00–20:00,Gesloten,Gesloten,16:00–00:00,16:00–00:00,16:00–01:00,16:00–00:00,15:00–20:00,yes,OK,,"Kasteel viteux, Oost-Vlaanderen, België",GOOGLE_PLACES
114,Kasteel borrekens,https://kastelenbelgie.be/nl/kasteel-borrekens-vorselaar/,Oost-Vlaanderen,ChIJG2vJHHxTwUcRznVSMsBMW5M,Kasteel van Vorselaar,"Vispluk 3, 2290 Vorselaar","establishment,point_of_interest,tourist_attraction",OPERATIONAL,,,,,,,,,,yes,OK,,"Kasteel borrekens, Oost-Vlaanderen, België",GOOGLE_PLACES
113,Kasteel van jeanne,https://kastelenbelgie.be/nl/kasteel-van-jeanne-de-merode-nieuw-kasteel-westerlo/,Oost-Vlaanderen,ChIJ-8vqrV2Yw0cRDcgWpqat6KQ,Ruïne Kasteel van Lede,"Kasteelstraat, 9340 Lede","establishment,point_of_interest",OPERATIONAL,,,,,,,,,,yes,OK,,"Kasteel van jeanne, Oost-Vlaanderen, België",GOOGLE_PLACES
112,Kasteel van brasschaat,https://kastelenbelgie.be/nl/kasteel-van-brasschaat-brasschaat/,Antwerpen,ChIJo7atvMQHxEcRc0rLxg_uzII,Kasteel van Brasschaat,"Hemelhoevedreef 1, 2930 Brasschaat","establishment,point_of_interest",OPERATIONAL,,,,,,,,,,yes,OK,,"Kasteel van brasschaat, Antwerpen, België",GOOGLE_PLACES
111,Gaverkasteel,https://kastelenbelgie.be/nl/gaverkasteel-deerlijk/,Vlaams-Brabant,ChIJL4RLsHI9w0cRjOW0StUfuLg,‘t Gaverkasteel Deerlijk,"Vercruysse de Solartstraat 24, 8540 Deerlijk","bar,establishment,food,point_of_interest,restaurant",OPERATIONAL,TRUE,maandag: Gesloten | dinsdag: Gesloten | woensdag: 10:00–01:00 | donderdag: 10:00–01:00 | vrijdag: 10:00–01:00 | zaterdag: 10:00–01:00 | zondag: 10:00–01:00,Gesloten,Gesloten,10:00–01:00,10:00–01:00,10:00–01:00,10:00–01:00,10:00–01:00,yes,OK,,"Gaverkasteel, Vlaams-Brabant, België",GOOGLE_PLACES
110,Kasteel gavergracht,https://kastelenbelgie.be/nl/kasteel-gavergracht-vinderhoute/,Antwerpen,ChIJO0CRZ-z3w0cR34CNg_BuRmA,Kasteel Bouckenborgh,"Bredabaan 555, 2170 Antwerpen","establishment,point_of_interest",OPERATIONAL,,,,,,,,,,yes,OK,,"Kasteel gavergracht, Antwerpen, België",GOOGLE_PLACES
109,Kasteel lozer,https://kastelenbelgie.be/nl/kasteel-lozer-lozer-kruishoutem/,Antwerpen,ChIJ5x1qK-UTw0cRJbZY0dmz9xA,B&B Lozerkasteel,"Kasteelstraat, 36 toegang via de, Appelhoekstraat, 9770 Kruisem","establishment,lodging,point_of_interest",OPERATIONAL,,,,,,,,,,yes,OK,,"Kasteel lozer, Antwerpen, België",GOOGLE_PLACES
108,De hof ter beke,https://kastelenbelgie.be/nl/de-hof-ter-beke-wilrijk/,Vlaams-Brabant,ChIJXe0ghZGkw0cR4q-5ac6cQWk,Centrum Hof Ter Beke,"Beekstraat 6 A, 9400 Ninove","establishment,point_of_interest",OPERATIONAL,,,,,,,,,,yes,OK,,"De hof ter beke, Vlaams-Brabant, België",GOOGLE_PLACES
107,Kasteel solvay,https://kastelenbelgie.be/nl/kasteel-solvay-kasteel-van-ter-hulpen-terhulpen/,Antwerpen,ChIJdxn6WunQw0cRUbMmVMit51g,Regionaal domein Solvay,"Chau. de Bruxelles 111, 1310 La Hulpe","establishment,park,point_of_interest,tourist_attraction",OPERATIONAL,TRUE,maandag: 08:00–21:00 | dinsdag: 08:00–21:00 | woensdag: 08:00–21:00 | donderdag: 08:00–21:00 | vrijdag: 08:00–21:00 | zaterdag: 08:00–21:00 | zondag: 08:00–21:00,08:00–21:00,08:00–21:00,08:00–21:00,08:00–21:00,08:00–21:00,08:00–21:00,08:00–21:00,yes,OK,,"Kasteel solvay, Antwerpen, België",GOOGLE_PLACES
106,Kasteel claeys bouuaert,https://kastelenbelgie.be/nl/kasteel-claeys-bouuaert-mariakerke/,Antwerpen,ChIJN_qq9LNxw0cRQSwIs8p6NT0,Kasteel Claeys-Bouüaert,"Kasteeldreef 2/6, 9030 Gent","establishment,point_of_interest",OPERATIONAL,,,,,,,,,,yes,OK,,"Kasteel claeys bouuaert, Antwerpen, België",GOOGLE_PLACES
105,Kasteel van villers schoten,https://kastelenbelgie.be/nl/kasteel-van-villers-schoten/,Luxemburg,ChIJ-UN4ZH34w0cRdrzq9nu8yZM,Kasteel van Villers (Schotenhof),"Villerslei 135, 2900 Schoten","establishment,point_of_interest",OPERATIONAL,,,,,,,,,,yes,OK,,"Kasteel van villers schoten, Luxemburg, België",GOOGLE_PLACES
104,Kasteel van blekkom,https://kastelenbelgie.be/nl/kasteel-van-blekkom-loksbergen/,Luxemburg,ChIJbT-Tnco_wUcRUghXC5Knr7A,Kasteel van Blekkom,"Lindestraat 124, 3545 Halen","establishment,point_of_interest",OPERATIONAL,,,,,,,,,,yes,OK,,"Kasteel van blekkom, Luxemburg, België",GOOGLE_PLACES
103,Kasteel de pelichy,https://kastelenbelgie.be/nl/kasteel-de-pelichy-gent/,Luxemburg,ChIJXzsNJad2w0cR1p0fFss7Ekk,Kasteel de Pélichy,"Oude Brusselseweg 125, 9050 Gent","establishment,point_of_interest",OPERATIONAL,,,,,,,,,,yes,OK,,"Kasteel de pelichy, Luxemburg, België",GOOGLE_PLACES
102,Hof van ringen,https://kastelenbelgie.be/nl/hof-van-ringen-lier/,Henegouwen,ChIJWfJSfPn9w0cRPdkzNdiHZuo,Hof van Ringen,"Unnamed Road, 2500 Lier","establishment,point_of_interest",OPERATIONAL,,,,,,,,,,yes,OK,,"Hof van ringen, Henegouwen, België",GOOGLE_PLACES
101,Kasteel slotendries,https://kastelenbelgie.be/nl/kasteel-slotendries-oostakker/,Namen,ChIJtSF_USF3w0cRi2B38ECFWHQ,Kasteel Slotendries,"Onze Lieve Vrouwdreef 8, 9041 Gent","establishment,point_of_interest",OPERATIONAL,,,,,,,,,,yes,OK,,"Kasteel slotendries, Namen, België",GOOGLE_PLACES
100,Vrieselhof,https://kastelenbelgie.be/nl/vrieselhof-oelegem/,Antwerpen,ChIJWd-RFRv_w0cRQPzMc2N4kfI,Het Vrieselhof,"Schildesteenweg 99, 2520 Ranst","establishment,point_of_interest,tourist_attraction",OPERATIONAL,FALSE,maandag: 10:00–18:00 | dinsdag: 10:00–18:00 | woensdag: 10:00–18:00 | donderdag: 10:00–18:00 | vrijdag: 10:00–18:00 | zaterdag: 10:00–18:00 | zondag: 10:00–18:00,10:00–18:00,10:00–18:00,10:00–18:00,10:00–18:00,10:00–18:00,10:00–18:00,10:00–18:00,yes,OK,,"Vrieselhof, Antwerpen, België",GOOGLE_PLACES
99,Kasteel marnix de sainte aldegonde,https://kastelenbelgie.be/nl/kasteel-marnix-de-sainte-aldegonde-bornem/,Henegouwen,ChIJTQtSaJ6Sw0cRSTvTw0mB-Ew,Kasteel Marnix de Sainte-Aldegonde,"Kasteelstraat 35, 2880 Bornem","establishment,point_of_interest,tourist_attraction",OPERATIONAL,FALSE,maandag: 13:00–17:00 | dinsdag: Gesloten | woensdag: Gesloten | donderdag: Gesloten | vrijdag: 13:00–17:00 | zaterdag: 13:00–17:00 | zondag: 13:00–17:00,13:00–17:00,Gesloten,Gesloten,Gesloten,13:00–17:00,13:00–17:00,13:00–17:00,yes,OK,,"Kasteel marnix de sainte aldegonde, Henegouwen, België",GOOGLE_PLACES
98,Kasteel lhirondelle,https://kastelenbelgie.be/nl/kasteel-lhirondelle-oteppe/,Namen,ChIJiQ6KNTEIwUcRgDjYVhYl7cw,Camping Capfun - Hirondelle,"Rue de la Burdinale 76A, 4210 Burdinne","campground,establishment,food,lodging,park,point_of_interest,real_estate_agency,restaurant,rv_park,travel_agency",OPERATIONAL,TRUE,"maandag: 09:00–19:00 | dinsdag: 09:00–19:00 | woensdag: 09:00–19:00 | donderdag: 09:00–19:00 | vrijdag: 09:00–19:00 | zaterdag: 09:00–13:00, 14:00–18:00 | zondag: 09:00–13:00, 14:00–18:00",09:00–19:00,09:00–19:00,09:00–19:00,09:00–19:00,09:00–19:00,"09:00–13:00, 14:00–18:00","09:00–13:00, 14:00–18:00",yes,OK,,"Kasteel lhirondelle, Namen, België",GOOGLE_PLACES
97,Kasteel van Mirwart,https://kastelenbelgie.be/nl/kasteel-van-mirwart-mirwart-saint-hubert/,Luxemburg,ChIJYW7C56_SwUcR7feSoLbqeVM,Kasteel van Mirwart,"Rue du Château 29, 6870 Saint-Hubert","establishment,food,lodging,point_of_interest,restaurant",OPERATIONAL,,,,,,,,,,yes,OK,,"Kasteel van Mirwart, Luxemburg, België",GOOGLE_PLACES
96,Waterburcht millen,https://kastelenbelgie.be/nl/waterburcht-millen-millen-te-riemst/,Luxemburg,ChIJMVlhgDLkwEcRLiaHdtgRY38,Brasserie De Waterburcht,"Kattestraat 22, 3770 Riemst","establishment,food,point_of_interest,restaurant",OPERATIONAL,TRUE,maandag: 11:30–23:00 | dinsdag: Gesloten | woensdag: Gesloten | donderdag: 11:30–23:00 | vrijdag: 11:30–23:00 | zaterdag: 11:30–23:00 | zondag: 11:30–23:00,11:30–23:00,Gesloten,Gesloten,11:30–23:00,11:30–23:00,11:30–23:00,11:30–23:00,yes,OK,,"Waterburcht millen, Luxemburg, België",GOOGLE_PLACES
95,Kasteel van weillen,https://kastelenbelgie.be/nl/kasteel-van-weillen-weilen/,Namen,ChIJq6qq2qSUwUcRi18uiVNyJWo,château de Weillen,"Rue du Château 13, 5523 Onhaye","establishment,point_of_interest",OPERATIONAL,,,,,,,,,,yes,OK,,"Kasteel van weillen, Namen, België",GOOGLE_PLACES
94,De hof van riemen,https://kastelenbelgie.be/nl/de-hof-van-riemen-heist-op-den-berg/,Antwerpen,ChIJ9yd7AF1ZwUcRTLVwXCtQPEE,Hof van Riemen,"Orshagenstraat 11, 2220 Heist-op-den-Berg","establishment,lodging,point_of_interest",OPERATIONAL,,,,,,,,,,yes,OK,,"De hof van riemen, Antwerpen, België",GOOGLE_PLACES
93,Kastelen in Antwerpen,https://kastelenbelgie.be/nl/kastelen-antwerpen/,-,,,,,,,,,,,,,,,,SKIPPED_INDEX,,,
92,Kastelen in Henegouwen,https://kastelenbelgie.be/nl/kastelen-henegouwen/,-,,,,,,,,,,,,,,,,SKIPPED_INDEX,,,
91,Kastelen in Namen,https://kastelenbelgie.be/nl/kastelen-namen/,-,,,,,,,,,,,,,,,,SKIPPED_INDEX,,,
90,Kaart,https://kastelenbelgie.be/nl/kaart/,-,ChIJl5fz7WR9wUcR8g_mObTy60c,België,België,"country,political",,,,,,,,,,,no,OK,,"Kaart, -, België",GOOGLE_PLACES
13,Home,https://kastelenbelgie.be/,-,ChIJ1T70f2LEw0cR_KCqiIJ98Uo,Zara Home Elsene,"Louizalaan 10, 1050 Brussel","establishment,furniture_store,home_goods_store,point_of_interest,store",OPERATIONAL,TRUE,maandag: 10:00–19:00 | dinsdag: 10:00–19:00 | woensdag: 10:00–19:00 | donderdag: 10:00–19:00 | vrijdag: 10:00–19:00 | zaterdag: 10:00–19:00 | zondag: Gesloten,10:00–19:00,10:00–19:00,10:00–19:00,10:00–19:00,10:00–19:00,10:00–19:00,Gesloten,yes,OK,,"Home, -, België",GOOGLE_PLACES