Page ID,Title,URL,Provincie,ADRESSE,API_STATUS,QUERY_USED,ERROR_MESSAGE,LAT,LNG,GEO_STATUS,GEO_ERROR
1351,Kastelen per provincie,https://kastelenbelgie.be/nl/kastelen-per-provincie/,-,,SKIPPED_INDEX,,,,,NO_ADDRESS,
1260,Kastelen in luik,https://kastelenbelgie.be/nl/kastelen-luik/,Luik,,SKIPPED_INDEX,,,,,NO_ADDRESS,
354,Kasteel engelhof,https://kastelenbelgie.be/nl/kasteel-engelhof-houthalen/,Luik,"Hengelhoefdreef 2, 3530 Houthalen-Helchteren, België",OK,"Kasteel engelhof, Luik, België",,51.00829539999999,5.4612316,OK,
353,Kasteel Beauregard,https://kastelenbelgie.be/nl/kasteel-beauregard-froyennes/,Luik,"Rue Beauregard, 4020 Liège, België",OK,"Kasteel Beauregard, Luik, België",,50.6407749,5.5839153,OK,
352,Kasteel karreveld,https://kastelenbelgie.be/nl/kasteel-karreveld-te-sint-jans-molenbeek/,Luik,"Luik, België",OK,"Kasteel karreveld, Luik, België",,50.6402286,5.5689372,OK,
351,Kasteel van wegimont,https://kastelenbelgie.be/nl/kasteel-van-wegimont-ayeneux-soumagne/,Luik,"4630 Luik, België",OK,"Kasteel van wegimont, Luik, België",,50.6162143,5.7372708,OK,
350,Kasteel ter lucht,https://kastelenbelgie.be/nl/kasteel-ter-lucht-sint-andries/,Luik,"Luik, België",OK,"Kasteel ter lucht, Luik, België",,50.6402286,5.5689372,OK,
349,Hof ter borght,https://kastelenbelgie.be/nl/hof-ter-borght-westmeerbeek/,Luik,"Heide 41, 2235 Hulshout, België",OK,"Hof ter borght, Luik, België",,51.06401349999999,4.8436787,OK,
348,Kasteel van Durbuy,https://kastelenbelgie.be/nl/kasteel-van-durbuy-durbuy/,Luik,"6940 Durbuy, België",OK,"Kasteel van Durbuy, Luik, België",,50.3350543,5.4345624,OK,
347,Kasteel van fougeraie,https://kastelenbelgie.be/nl/kasteel-van-fougeraie-te-ukkel/,Luik,"Luik, België",OK,"Kasteel van fougeraie, Luik, België",,50.6402286,5.5689372,OK,
346,Kasteel Mohimont,https://kastelenbelgie.be/nl/kasteel-mohimont-villers-devant-orval/,Luik,"Rue Albert 1er 12, 4520 Wanze, België",OK,"Kasteel Mohimont, Luik, België",,50.5640637,5.2309256,OK,
345,Kasteel van Orval,https://kastelenbelgie.be/nl/kasteel-van-orval-villers-devant-orval/,Luxemburg,"Orval 5, 6823 Florenville, België",OK,"Kasteel van Orval, Luxemburg, België",,49.6342881,5.3476399,OK,
344,Kasteel van Templeuve,https://kastelenbelgie.be/nl/kasteel-van-templeuve-templeuve/,Henegouwen,"Templeuve, 7520 Doornik, België",OK,"Kasteel van Templeuve, Henegouwen, België",,50.64480709999999,3.283159,OK,
343,Kasteel van biez,https://kastelenbelgie.be/nl/kasteel-van-biez-peruwelz/,Namen,"Namen, België",OK,"Kasteel van biez, Namen, België",,50.46493340000001,4.864973099999999,OK,
342,Kasteel van Roumont,https://kastelenbelgie.be/nl/kasteel-van-roumont-roumont/,Antwerpen,"Antwerpen, België",OK,"Kasteel van Roumont, Antwerpen, België",,51.2199302,4.414990299999999,OK,
341,Kasteel van rethy,https://kastelenbelgie.be/nl/kasteel-van-rethy-retie/,Limburg,"Limburg, België",OK,"Kasteel van rethy, Limburg, België",,50.9738973,5.3419677,OK,
340,Kasteel van wijer,https://kastelenbelgie.be/nl/kasteel-van-wijer-te-wijer-gemeente-nieuwerkerken/,Antwerpen,"Grotestraat 205, 3850 Nieuwerkerken, België",OK,"Kasteel van wijer, Antwerpen, België",,50.8968522,5.2256516,OK,
339,Kasteel van bouchout,https://kastelenbelgie.be/nl/kasteel-van-bouchout-te-meise/,Antwerpen,"1860 Meise, België",OK,"Kasteel van bouchout, Antwerpen, België",,50.94786209999999,4.3302827,OK,
338,Kasteel ter borcht,https://kastelenbelgie.be/nl/kasteel-ter-borcht-meulebeke/,Antwerpen,"Heide 41, 2235 Hulshout, België",OK,"Kasteel ter borcht, Antwerpen, België",,51.06401349999999,4.8436787,OK,
337,Kasteel van heetvelde,https://kastelenbelgie.be/nl/kasteel-van-heetvelde-te-oetingen/,Vlaams-Brabant,"Oude Heerbaan 83, 1755 Pajottegem, België",OK,"Kasteel van heetvelde, Vlaams-Brabant, België",,50.7837295,4.053650999999999,OK,
336,Kasteel hulsberg,https://kastelenbelgie.be/nl/kasteel-hulsberg-borgloon/,Luxemburg,"Kasteel Hulsberg, Kasteel Hulsberg, 3840 Tongeren-Borgloon, België",OK,"Kasteel hulsberg, Luxemburg, België",,50.80299160000001,5.3260116,OK,
335,Kasteel van Voneche,https://kastelenbelgie.be/nl/kasteel-van-voneche-voneche/,Luxemburg,"Rue Le Parc, 5570 Beauraing, België",OK,"Kasteel van Voneche, Luxemburg, België",,50.0567753,4.9813783,OK,
334,Sint-Antoniuskasteel,https://kastelenbelgie.be/nl/sint-antoniuskasteel-celles/,Henegouwen,"Henegouwen, België",OK,"Sint-Antoniuskasteel, Henegouwen, België",,50.5257076,4.062101699999999,OK,
333,Oud kasteel van vichte,https://kastelenbelgie.be/nl/oud-kasteel-van-vichte-vichte/,Vlaams-Brabant,"Oud Kasteel van Vichte, Vichteplaats 46, 8570 Anzegem, België",OK,"Oud kasteel van vichte, Vlaams-Brabant, België",,50.8345236,3.4025304,OK,
332,Kasteel terlaemen,https://kastelenbelgie.be/nl/kasteel-terlaemen-te-viversel-zolder-gemeente-heusden-zolder/,Vlaams-Brabant,"Terlaemenlaan 125, 3550 Heusden-Zolder, België",OK,"Kasteel terlaemen, Vlaams-Brabant, België",,51.00061350000001,5.271854299999999,OK,
331,Kasteel blauw huys,https://kastelenbelgie.be/nl/kasteel-blauw-huys-drongen-gent/,Brussel,"Bosstraat 85-89, 9031 Gent, België",OK,"Kasteel blauw huys, Brussel, België",,51.082998,3.637362399999999,OK,
330,Kasteel van wedergrate,https://kastelenbelgie.be/nl/kasteel-van-wedergrate-ninove/,Luxemburg,"Esplanade Godefroy 1, 6830 Bouillon, België",OK,"Kasteel van wedergrate, Luxemburg, België",,49.79470509999999,5.0673796,OK,
329,Kastelen brussel,https://kastelenbelgie.be/nl/kastelen-brussel/,Antwerpen,,SKIPPED_INDEX,,,,,NO_ADDRESS,
328,Kasteel van Porcheresse,https://kastelenbelgie.be/nl/kasteel-van-porcheresse-daverdisse/,Limburg,"Limburg, België",OK,"Kasteel van Porcheresse, Limburg, België",,50.9738973,5.3419677,OK,
327,De solhof,https://kastelenbelgie.be/nl/de-solhof-aartselaar/,Vlaams-Brabant,"Baron van Ertbornstraat 120, 2630 Aartselaar, België",OK,"De solhof, Vlaams-Brabant, België",,51.1374894,4.3937688,OK,
326,Kasteel van wimmertingen,https://kastelenbelgie.be/nl/kasteel-van-wimmertingen-wimmertingen/,Limburg,"Luikersteenweg 741, 3501 Hasselt, België",OK,"Kasteel van wimmertingen, Limburg, België",,50.8819217,5.354536299999999,OK,
325,Kasteel de marnix,https://kastelenbelgie.be/nl/kasteel-de-marnix-te-overijse/,Henegouwen,"Kasteel de Marnix, 3090 Overijse, België",OK,"Kasteel de marnix, Henegouwen, België",,50.7928497,4.5163936,OK,
324,Kasteel ter motten,https://kastelenbelgie.be/nl/kasteel-ter-motten-te-dilsen/,Oost-Vlaanderen,"Europalaan 25, 3650 Dilsen-Stokkem, België",OK,"Kasteel ter motten, Oost-Vlaanderen, België",,51.0369829,5.7264826,OK,
323,Kasteel van froidcourt,https://kastelenbelgie.be/nl/kasteel-van-froidcourt-stoumont/,West-Vlaanderen,"Kasteel van Rumbeke, 8800 Roeselare, België",OK,"Kasteel van froidcourt, West-Vlaanderen, België",,50.9265455,3.1373618,OK,
322,Kasteel van leeuwergem,https://kastelenbelgie.be/nl/kasteel-van-leeuwergem-leeuwergem-zottegem/,Luxemburg,"Luxemburg, België",OK,"Kasteel van leeuwergem, Luxemburg, België",,50.0546886,5.467698299999999,OK,
321,Kasteel van elverdinge,https://kastelenbelgie.be/nl/kasteel-van-elverdinge-ieper/,Waals-Brabant,"Elverdinge, Ieper, België",OK,"Kasteel van elverdinge, Waals-Brabant, België",,50.88588009999999,2.817508,OK,
320,Kasteel van Tavigny,https://kastelenbelgie.be/nl/kasteel-van-tavigny-tavigny-houffalize/,West-Vlaanderen,"West-Vlaanderen, België",OK,"Kasteel van Tavigny, West-Vlaanderen, België",,51.0536024,3.1457942,OK,
319,Kasteel de faille,https://kastelenbelgie.be/nl/kasteel-de-faille-brugge/,Limburg,"Limburg, België",OK,"Kasteel de faille, Limburg, België",,50.9738973,5.3419677,OK,
318,Kasteel ingelmunster,https://kastelenbelgie.be/nl/kasteel-ingelmunster-ingelmunster/,Limburg,"8770 Ingelmunster, België",OK,"Kasteel ingelmunster, Limburg, België",,50.91464329999999,3.2650296,OK,
317,Kasteel oude kluis,https://kastelenbelgie.be/nl/kasteel-oude-kluis-gent/,Namen,"Namen, België",OK,"Kasteel oude kluis, Namen, België",,50.46493340000001,4.864973099999999,OK,
316,Kasteel van bokrijk,https://kastelenbelgie.be/nl/kasteel-van-bokrijk-genk/,Namen,"Bokrijklaan 1, 3600 Genk, België",OK,"Kasteel van bokrijk, Namen, België",,50.9601727,5.4046115,OK,
315,Kasteel van roborst,https://kastelenbelgie.be/nl/kasteel-van-roborst-roborst/,Henegouwen,"Château Seneffe, Rue Lucien Plasman 7, 7180 Seneffe, België",OK,"Kasteel van roborst, Henegouwen, België",,50.5253519,4.2702104,OK,
314,Kasteel van montjardin,https://kastelenbelgie.be/nl/kasteel-van-montjardin-sougne-remouchamps/,Oost-Vlaanderen,"Oost-Vlaanderen, België",OK,"Kasteel van montjardin, Oost-Vlaanderen, België",,51.0362101,3.7373124,OK,
313,Kasteel van montaigle,https://kastelenbelgie.be/nl/kasteel-van-montaigle-falaen/,Luxemburg,"Rue du Marteau 10, 5522 Onhaye, België",OK,"Kasteel van montaigle, Luxemburg, België",,50.2924613,4.816523,OK,
312,Kasteel ten bieze,https://kastelenbelgie.be/nl/kasteel-ten-bieze-beerlegem/,Namen,"Namen, België",OK,"Kasteel ten bieze, Namen, België",,50.46493340000001,4.864973099999999,OK,
311,Kasteel van kruishoutem,https://kastelenbelgie.be/nl/kasteel-van-kruishoutem-kruishoutem/,Namen,"9770 Kruisem, België",OK,"Kasteel van kruishoutem, Namen, België",,50.9275809,3.5373587,OK,
310,Kasteel vieux chateau,https://kastelenbelgie.be/nl/kasteel-vieux-chateau-saive-blegny/,Luxemburg,"Vieux Chateau, België",OK,"Kasteel vieux chateau, Luxemburg, België",,50.659784,5.6839098,OK,
309,Kasteel van haltinne,https://kastelenbelgie.be/nl/kasteel-van-haltinne-haltinne/,Waals-Brabant,"Haltinne, 5340 Gesves, België",OK,"Kasteel van haltinne, Waals-Brabant, België",,50.4511,5.07501,OK,
308,Kasteel van julius caesar,https://kastelenbelgie.be/nl/kasteel-van-julius-caesar-doornik/,Brussel,"Brussel, België",OK,"Kasteel van julius caesar, Brussel, België",,50.84770289999999,4.357200100000001,OK,
307,Kasteel Petite-Somme,https://kastelenbelgie.be/nl/kasteel-petite-somme-petite-somme/,Vlaams-Brabant,"Kasteel, 1880 Kapelle-op-den-Bos, België",OK,"Kasteel Petite-Somme, Vlaams-Brabant, België",,51.0148726,4.3315549,OK,
306,Kasteel van vorst,https://kastelenbelgie.be/nl/kasteel-van-vorst-meerlaer-laakdal/,Luik,"Luik, België",OK,"Kasteel van vorst, Luik, België",,50.6402286,5.5689372,OK,
305,Kasteel van veerle,https://kastelenbelgie.be/nl/kasteel-van-veerle-laakdal/,Antwerpen,"Diestse Baan 62, 2431 Laakdal, België",OK,"Kasteel van veerle, Antwerpen, België",,51.0628945,4.9908467,OK,
304,Kasteel eyneburg,https://kastelenbelgie.be/nl/kasteel-eyneburg-hergenrath/,Luik,"Chem. d'Emmaburg, 4728 La Calamine, België",OK,"Kasteel eyneburg, Luik, België",,50.7072235,6.018103,OK,
303,Kasteel leva,https://kastelenbelgie.be/nl/kasteel-leva-alken/,Luik,"Onze-Lieve-Vrouwstraat 40, 3570 Alken, België",OK,"Kasteel leva, Luik, België",,50.8929915,5.285036,OK,
302,Kasteel maxburg,https://kastelenbelgie.be/nl/kasteel-maxburg-meer/,Luik,"Luik, België",OK,"Kasteel maxburg, Luik, België",,50.6402286,5.5689372,OK,
301,Kasteel de hoof teuven,https://kastelenbelgie.be/nl/kasteel-de-hoof-teuven-te-voeren/,Luik,"Teuven, 3793 Voeren, België",OK,"Kasteel de hoof teuven, Luik, België",,50.7554588,5.8684528,OK,
300,Kasteel van wodemont,https://kastelenbelgie.be/nl/kasteel-van-wodemont-neufchateau-luik/,Vlaams-Brabant,"Wodémont, 4608 Dalhem, België",OK,"Kasteel van wodemont, Vlaams-Brabant, België",,50.70905,5.764113,OK,
299,Kasteel de merode,https://kastelenbelgie.be/nl/kasteel-de-merode-te-dilbeek/,Waals-Brabant,"3078, Prinsendreef 91-93-97, 3078 Kortenberg, België",OK,"Kasteel de merode, Waals-Brabant, België",,50.8810119,4.5659991,OK,
298,Kasteel van braine le chateau,https://kastelenbelgie.be/nl/kasteel-van-braine-le-chateau-kasteelbrakel/,Henegouwen,"Henegouwen, België",OK,"Kasteel van braine le chateau, Henegouwen, België",,50.5257076,4.062101699999999,OK,
297,Kasteel van wemmel,https://kastelenbelgie.be/nl/kasteel-van-wemmel-te-wemmel/,Henegouwen,"Kasteelpark Wemmel, 1780 Wemmel, België",OK,"Kasteel van wemmel, Henegouwen, België",,50.90775989999999,4.3038025,OK,
296,Hof te melis,https://kastelenbelgie.be/nl/hof-te-melis-lippelo/,Luxemburg,België,OK,"Hof te melis, Luxemburg, België",,50.503887,4.469936,OK,
295,Het rood kasteel,https://kastelenbelgie.be/nl/het-rood-kasteel-te-linden/,Luxemburg,België,OK,"Het rood kasteel, Luxemburg, België",,50.503887,4.469936,OK,
294,Kastelen in Luxemburg,https://kastelenbelgie.be/nl/kastelen-luxemburg/,Luxemburg,,SKIPPED_INDEX,,,,,NO_ADDRESS,
293,Kasteel en park,https://kastelenbelgie.be/nl/kasteel-en-park-ter-rijst-te-heikruis/,Namen,"Namen, België",OK,"Kasteel en park, Namen, België",,50.46493340000001,4.864973099999999,OK,
292,Kasteel van Habay-la-Neuve,https://kastelenbelgie.be/nl/kasteel-van-habay-la-neuve-habay-la-neuve/,Henegouwen,"Habay-la-Neuve, 6720 Habay, België",OK,"Kasteel van Habay-la-Neuve, Henegouwen, België",,49.7280718,5.6460452,OK,
291,Burchtruine van Montquintin,https://kastelenbelgie.be/nl/burchtruine-van-montquintin-montquintin-dampicourt/,Henegouwen,"Rue du Château-Fort, 6767 Rouvroy, België",OK,"Burchtruine van Montquintin, Henegouwen, België",,49.548327,5.4720987,OK,
290,Kasteel van haversin,https://kastelenbelgie.be/nl/kasteel-van-haversin-serinchamps/,Henegouwen,"Rue de BARVAUX 179, 5590 Ciney, België",OK,"Kasteel van haversin, Henegouwen, België",,50.25086779999999,5.2037432,OK,
289,Kasteel van skeuvre,https://kastelenbelgie.be/nl/kasteel-van-skeuvre-natoye/,Waals-Brabant,"Begijnenstraat 199, 3300 Tienen, België",OK,"Kasteel van skeuvre, Waals-Brabant, België",,50.8029125,4.9051282,OK,
288,Chateau de la tournette,https://kastelenbelgie.be/nl/chateau-de-la-tournette-nijvel/,Luxemburg,"Chem. de Baudemont 21, 1400 Nivelles, België",OK,"Chateau de la tournette, Luxemburg, België",,50.623695,4.2962369,OK,
287,Kasteel van longchamps,https://kastelenbelgie.be/nl/kasteel-van-longchamps-longchamps-bertogne/,Henegouwen,"Rue du Château 11, 7970 Beloeil, België",OK,"Kasteel van longchamps, Henegouwen, België",,50.55100789999999,3.7300371,OK,
286,Koninklijk kasteel van ciergnon,https://kastelenbelgie.be/nl/koninklijk-kasteel-van-ciergnon-houyet/,Waals-Brabant,"Château Royal de Ciergnon, 5560 Houyet, België",OK,"Koninklijk kasteel van ciergnon, Waals-Brabant, België",,50.1661636,5.1078752,OK,
285,Kasteel baelen,https://kastelenbelgie.be/nl/kasteel-baelen-hendrik-kapelle/,Luxemburg,"4837 Baelen, België",OK,"Kasteel baelen, Luxemburg, België",,50.57482410000001,6.041507699999999,OK,
284,Kastelen waals brabant,https://kastelenbelgie.be/nl/kastelen-waals-brabant/,Waals-Brabant,,SKIPPED_INDEX,,,,,NO_ADDRESS,
283,Chateau le duc,https://kastelenbelgie.be/nl/chateau-le-duc-ucimont/,Waals-Brabant,"6833 Bouillon, België",OK,"Chateau le duc, Waals-Brabant, België",,49.857772,5.047640599999999,OK,
282,Kasteel brunsode,https://kastelenbelgie.be/nl/kasteel-brunsode-tilff/,Henegouwen,"Henegouwen, België",OK,"Kasteel brunsode, Henegouwen, België",,50.5257076,4.062101699999999,OK,
281,Kasteel van schoonhoven,https://kastelenbelgie.be/nl/kasteel-van-schoonhoven-te-aarschot/,Waals-Brabant,"Diestsesteenweg 10, 3200 Aarschot, België",OK,"Kasteel van schoonhoven, Waals-Brabant, België",,50.9825703,4.8522542,OK,
280,Kasteel van spontin,https://kastelenbelgie.be/nl/kasteel-van-spontin-spontin/,Henegouwen,"Chau. de Dinant 8, 5530 Yvoir, België",OK,"Kasteel van spontin, Henegouwen, België",,50.32297579999999,5.0093479,OK,
279,Kasteel casier,https://kastelenbelgie.be/nl/kasteel-casier-waregem/,Henegouwen,"Stationsstraat 34, 8790 Waregem, België",OK,"Kasteel casier, Henegouwen, België",,50.8886398,3.4335501,OK,
278,Kasteel ter elst,https://kastelenbelgie.be/nl/kasteel-ter-elst-duffel/,Luxemburg,"Norbertijnerlei 26, 2570 Duffel, België",OK,"Kasteel ter elst, Luxemburg, België",,51.08896319999999,4.497256300000001,OK,
277,Kasteel van melveren,https://kastelenbelgie.be/nl/kasteel-van-melveren-sint-truiden/,Waals-Brabant,"Sint-Godfriedstraat 15/17, 3800 Sint-Truiden, België",OK,"Kasteel van melveren, Waals-Brabant, België",,50.8315724,5.1987305,OK,
276,Kasteel edelhof,https://kastelenbelgie.be/nl/kasteel-edelhof-munsterbilzen/,Waals-Brabant,"Leroyplein 2, 3740 Bilzen-Hoeselt, België",OK,"Kasteel edelhof, Waals-Brabant, België",,50.8897571,5.5273423,OK,
275,Hof van roosendael,https://kastelenbelgie.be/nl/hof-van-roosendael-merksem/,Antwerpen,"Terlindenhofstraat 320, 2170 Antwerpen, België",OK,"Hof van roosendael, Antwerpen, België",,51.2510637,4.444675999999999,OK,
274,Kasteel van westmalle,https://kastelenbelgie.be/nl/kasteel-van-westmalle-westmalle/,Antwerpen,"Kapselstraat, 2390 Malle, België",OK,"Kasteel van westmalle, Antwerpen, België",,51.307201,4.6989968,OK,
273,De beukenhof,https://kastelenbelgie.be/nl/de-beukenhof-kapellen/,Antwerpen,"Eksterlaar 49, 2100 Antwerpen, België",OK,"De beukenhof, Antwerpen, België",,51.1999941,4.467122199999999,OK,
272,Rood kasteel,https://kastelenbelgie.be/nl/rood-kasteel-guigoven/,Antwerpen,"Antwerpen, België",OK,"Rood kasteel, Antwerpen, België",,51.2199302,4.414990299999999,OK,
271,Rentmeesterij van alden biesen,https://kastelenbelgie.be/nl/rentmeesterij-van-alden-biesen-te-diepenbeek/,Limburg,"Kasteelstraat 2, 3740 Bilzen-Hoeselt, België",OK,"Rentmeesterij van alden biesen, Limburg, België",,50.8446835,5.5206808,OK,
270,Kasteel roos,https://kastelenbelgie.be/nl/kasteel-roos-waasmunster/,Antwerpen,"Cogels-Osylei 46, 2600 Antwerpen, België",OK,"Kasteel roos, Antwerpen, België",,51.2030651,4.433283100000001,OK,
269,Kasteel grevenbroek,https://kastelenbelgie.be/nl/kasteel-grevenbroek-achel/,Limburg,"Limburg, België",OK,"Kasteel grevenbroek, Limburg, België",,50.9738973,5.3419677,OK,
268,Het grafelijk slot van male,https://kastelenbelgie.be/nl/het-grafelijk-slot-van-male-sint-kruis/,West-Vlaanderen,"Male, 8310 Brugge, België",OK,"Het grafelijk slot van male, West-Vlaanderen, België",,51.2116656,3.2849249,OK,
267,Kasteel van Deulin,https://kastelenbelgie.be/nl/kasteel-van-deulin-deulin-fronville/,Luxemburg,"Rue du Château 4, 6990 Hotton, België",OK,"Kasteel van Deulin, Luxemburg, België",,50.3020894,5.4001625,OK,
266,Kasteel doverschie,https://kastelenbelgie.be/nl/kasteel-doverschie-te-grimbergen/,Namen,"Vorststraat 18, 1850 Grimbergen, België",OK,"Kasteel doverschie, Namen, België",,50.9395542,4.3716116,OK,
265,Kasteel groenveld,https://kastelenbelgie.be/nl/kasteel-groenveld-te-grimbergen/,Namen,"Kasteel Groeneveld, Oostvaartdijk, 1850 Grimbergen, België",OK,"Kasteel groenveld, Namen, België",,50.9643816,4.4039947,OK,
264,Kasteel carolinaberg,https://kastelenbelgie.be/nl/kasteel-carolinaberg-stokkem/,Limburg,"Steenkuilstraat 70, 3650 Dilsen-Stokkem, België",OK,"Kasteel carolinaberg, Limburg, België",,51.0199106,5.747252,OK,
263,Kasteel de motte groot gelmen,https://kastelenbelgie.be/nl/kasteel-de-motte-groot-gelmen-bij-sint-truiden/,Limburg,"Mettekovenstraat 4, 3800 Sint-Truiden, België",OK,"Kasteel de motte groot gelmen, Limburg, België",,50.7842494,5.272130799999999,OK,
262,Kasteel van hermalle sous huy,https://kastelenbelgie.be/nl/kasteel-van-hermalle-sous-huy-hermalle-sous-huy-engis/,Luik,"Hermalle-sous-Huy, 4480 Engis, België",OK,"Kasteel van hermalle sous huy, Luik, België",,50.55913779999999,5.361915199999999,OK,
261,Citadel van hoei,https://kastelenbelgie.be/nl/citadel-van-hoei-hoei/,Luik,"Chau. de Napoléon, 4500 Huy, België",OK,"Citadel van hoei, Luik, België",,50.5160165,5.2304942,OK,
260,Kastelen in West-Vlaanderen,https://kastelenbelgie.be/nl/kastelen-west-vlaanderen/,West-Vlaanderen,,SKIPPED_INDEX,,,,,NO_ADDRESS,
259,Kasteel van neigem,https://kastelenbelgie.be/nl/kasteel-van-neigem-meerbeke/,Vlaams-Brabant,"Halsesteenweg 357, 9403 Ninove, België",OK,"Kasteel van neigem, Vlaams-Brabant, België",,50.8036683,4.0565244,OK,
258,Kasteel borghoven,https://kastelenbelgie.be/nl/kasteel-borghoven-piringen-bij-tongeren/,Vlaams-Brabant,"Tomstraat 103, 3700 Tongeren-Borgloon, België",OK,"Kasteel borghoven, Vlaams-Brabant, België",,50.7903432,5.4103666,OK,
257,Kasteel meerlenhof,https://kastelenbelgie.be/nl/kasteel-meerlenhof-hoboken/,Antwerpen,"Meerlenhoflaan 2660, 2660 Antwerpen, België",OK,"Kasteel meerlenhof, Antwerpen, België",,51.1724897,4.3570214,OK,
256,Kasteel van voorde,https://kastelenbelgie.be/nl/kasteel-van-voorde-voorde/,Antwerpen,"Sint-Marcellusstraat 9A, 9400 Ninove, België",OK,"Kasteel van voorde, Antwerpen, België",,50.8240735,3.9482723,OK,
255,Kasteel hof ter saksen,https://kastelenbelgie.be/nl/kasteel-hof-ter-saksen-beveren-waas/,Antwerpen,"Hof ter Saksendreef 2, 9120 Beveren-Kruibeke-Zwijndrecht, België",OK,"Kasteel hof ter saksen, Antwerpen, België",,51.19856590000001,4.2384049,OK,
254,Kasteel cortewalle,https://kastelenbelgie.be/nl/kasteel-cortewalle-beveren-waas/,Antwerpen,"Kasteel Cortewalle, Zwarte Dreef 2, 9120 Beveren-Kruibeke-Zwijndrecht, België",OK,"Kasteel cortewalle, Antwerpen, België",,51.2137672,4.2649265,OK,
253,Kasteel de rivieren,https://kastelenbelgie.be/nl/kasteel-de-rivieren-te-ganshoren/,Luik,"Luik, België",OK,"Kasteel de rivieren, Luik, België",,50.6402286,5.5689372,OK,
252,Kasteel van beusdael,https://kastelenbelgie.be/nl/kasteel-van-beusdael-bij-sippenaeken/,Limburg,"Rue de Beusdael 2, 4851 Plombières, België",OK,"Kasteel van beusdael, Limburg, België",,50.7512987,5.932886799999999,OK,
251,Kasteel drie koningen,https://kastelenbelgie.be/nl/kasteel-drie-koningen-beernem/,Brussel,"Brussel, België",OK,"Kasteel drie koningen, Brussel, België",,50.84770289999999,4.357200100000001,OK,
250,Kasteel van bever,https://kastelenbelgie.be/nl/kasteel-van-bever-te-strombeek-bever/,Henegouwen,"1850, Boechoutlaan 221, 1853 Grimbergen, België",OK,"Kasteel van bever, Henegouwen, België",,50.9176402,4.3398442,OK,
249,Kasteel saint pierre,https://kastelenbelgie.be/nl/kasteel-saint-pierre-beauraing/,Namen,"Namen, België",OK,"Kasteel saint pierre, Namen, België",,50.46493340000001,4.864973099999999,OK,
248,Kasteel van beauraing,https://kastelenbelgie.be/nl/kasteel-van-beauraing-beauraing/,Waals-Brabant,"Beauraing, België",OK,"Kasteel van beauraing, Waals-Brabant, België",,50.1101231,4.9555696,OK,
247,Kasteel van rixensart,https://kastelenbelgie.be/nl/kasteel-van-rixensart-rixensart/,Luxemburg,"Rue de l'Eglise 40, 1330 Rixensart, België",OK,"Kasteel van rixensart, Luxemburg, België",,50.71498219999999,4.5363261,OK,
246,Burcht reuland,https://kastelenbelgie.be/nl/burcht-reuland-reuland-burg-reuland/,Oost-Vlaanderen,"Burcht, Beveren-Kruibeke-Zwijndrecht, België",OK,"Burcht reuland, Oost-Vlaanderen, België",,51.20367,4.34148,OK,
245,Kasteel ter meeren,https://kastelenbelgie.be/nl/kasteel-ter-meeren-sterrebeek-zaventem/,Oost-Vlaanderen,"Mechelsesteenweg 98, 1933 Zaventem, België",OK,"Kasteel ter meeren, Oost-Vlaanderen, België",,50.8553042,4.5089232,OK,
244,Kasteel van beervelde,https://kastelenbelgie.be/nl/kasteel-van-beervelde-beervelde/,Antwerpen,"Toverstraat, 9080 Lochristi, België",OK,"Kasteel van beervelde, Antwerpen, België",,51.0819341,3.8757069,OK,
243,Kasteel boeckenberg,https://kastelenbelgie.be/nl/kasteel-boeckenberg-deurne/,Luxemburg,België,OK,"Kasteel boeckenberg, Luxemburg, België",,50.503887,4.469936,OK,
242,Kasteel van Sohier,https://kastelenbelgie.be/nl/kasteel-van-sohier-sohier/,Luik,"Luik, België",OK,"Kasteel van Sohier, Luik, België",,50.6402286,5.5689372,OK,
241,Kasteel van waroux,https://kastelenbelgie.be/nl/kasteel-van-waroux-alleur/,Luxemburg,"Rue de Waroux 301, 4432 Ans, België",OK,"Kasteel van waroux, Luxemburg, België",,50.6807254,5.491657099999999,OK,
240,Kasteel van mouffrin,https://kastelenbelgie.be/nl/kasteel-van-mouffrin-natoye/,Waals-Brabant,"Begijnenstraat 199, 3300 Tienen, België",OK,"Kasteel van mouffrin, Waals-Brabant, België",,50.8029125,4.9051282,OK,
239,Kasteel van genval,https://kastelenbelgie.be/nl/kasteel-van-genval-rixensart/,Namen,"Namen, België",OK,"Kasteel van genval, Namen, België",,50.46493340000001,4.864973099999999,OK,
238,Kasteel van Fosteau,https://kastelenbelgie.be/nl/kasteel-van-fosteau-leers-et-fosteau/,Namen,"Rue du Marquis 1, 6530 Thuin, België",OK,"Kasteel van Fosteau, Namen, België",,50.3053312,4.2519665,OK,
237,Kasteel van awans,https://kastelenbelgie.be/nl/kasteel-van-awans-awans/,Luxemburg,"Rue du Château 1, 4340 Awans, België",OK,"Kasteel van awans, Luxemburg, België",,50.6685158,5.477588799999999,OK,
236,Kasteel van baronville,https://kastelenbelgie.be/nl/kasteel-van-baronville-baronville-belgie/,Luik,"Luik, België",OK,"Kasteel van baronville, Luik, België",,50.6402286,5.5689372,OK,
235,Chateau de bellaire,https://kastelenbelgie.be/nl/chateau-de-bellaire-haltinne/,Luik,"Luik, België",OK,"Chateau de bellaire, Luik, België",,50.6402286,5.5689372,OK,
234,Kasteel van limont,https://kastelenbelgie.be/nl/kasteel-van-limont-donceel/,Limburg,"Limburg, België",OK,"Kasteel van limont, Limburg, België",,50.9738973,5.3419677,OK,
233,Kasteel altembrouck,https://kastelenbelgie.be/nl/kasteel-altembrouck-s-gravenvoeren-te-voeren/,Henegouwen,"Henegouwen, België",OK,"Kasteel altembrouck, Henegouwen, België",,50.5257076,4.062101699999999,OK,
232,Kasteel de commanderij,https://kastelenbelgie.be/nl/kasteel-de-commanderij-sint-pieters-voeren/,Oost-Vlaanderen,"Oost-Vlaanderen, België",OK,"Kasteel de commanderij, Oost-Vlaanderen, België",,51.0362101,3.7373124,OK,
231,Kastelen in Oost-Vlaanderen,https://kastelenbelgie.be/nl/kastelen-oost-vlaanderen/,Vlaams-Brabant,,SKIPPED_INDEX,,,,,NO_ADDRESS,
230,Kasteel van altena,https://kastelenbelgie.be/nl/kasteel-van-altena-kruibeke/,Oost-Vlaanderen,"9500 Geraardsbergen, België",OK,"Kasteel van altena, Oost-Vlaanderen, België",,50.7705978,3.8871336,OK,
229,De cijnshof van boutersem,https://kastelenbelgie.be/nl/de-cijnshof-van-boutersem-zandhoven/,Namen,"3370 Boutersem, België",OK,"De cijnshof van boutersem, Namen, België",,50.8410754,4.8347722,OK,
228,Kasteel hoogveld,https://kastelenbelgie.be/nl/kasteel-hoogveld-vliermaal/,Waals-Brabant,"Kasteel Hoogveld, Hoogveldstraat 21, 3724 Hasselt, België",OK,"Kasteel hoogveld, Waals-Brabant, België",,50.83141939999999,5.4339568,OK,
227,Kasteel van moere,https://kastelenbelgie.be/nl/kasteel-van-moere-le-bon-sejour-moere/,Waals-Brabant,"Moere, 8470 Gistel, België",OK,"Kasteel van moere, Waals-Brabant, België",,51.1225897,2.9559016,OK,
226,Kasteel van seneffe,https://kastelenbelgie.be/nl/kasteel-van-seneffe-seneffe/,Oost-Vlaanderen,"Château Seneffe, Rue Lucien Plasman 7, 7180 Seneffe, België",OK,"Kasteel van seneffe, Oost-Vlaanderen, België",,50.5253519,4.2702104,OK,
225,Kasteel Laresteen,https://kastelenbelgie.be/nl/kasteel-laresteen-lovendegem/,Limburg,"Limburg, België",OK,"Kasteel Laresteen, Limburg, België",,50.9738973,5.3419677,OK,
224,Kasteel van Wippelgem,https://kastelenbelgie.be/nl/kasteel-van-wippelgem-wippelgem/,Antwerpen,"Kramershoek 4, 9940 Evergem, België",OK,"Kasteel van Wippelgem, Antwerpen, België",,51.1340128,3.7212684,OK,
223,Domein de ghellinck,https://kastelenbelgie.be/nl/domein-de-ghellinck-elsegem/,Antwerpen,"Domein De Ghellinck, Kortrijkstraat 102, 9790 Wortegem-Petegem, België",OK,"Domein de ghellinck, Antwerpen, België",,50.8151364,3.5383778,OK,
222,Kasteel vogelsanck,https://kastelenbelgie.be/nl/kasteel-vogelsanck-te-zolder-gemeente-heusden-zolder/,Antwerpen,"3520, 3550 Zonhoven, België",OK,"Kasteel vogelsanck, Antwerpen, België",,50.9836812,5.356641100000001,OK,
221,Kasteel de renesse,https://kastelenbelgie.be/nl/kasteel-de-renesse-oostmalle/,Antwerpen,"Lierselei 30, 2390 Malle, België",OK,"Kasteel de renesse, Antwerpen, België",,51.30032869999999,4.730958200000001,OK,
220,Kasteel stas de richelle,https://kastelenbelgie.be/nl/kasteel-stas-de-richelle-heusden/,Vlaams-Brabant,"Veerdreef 2/4, 9070 Destelbergen, België",OK,"Kasteel stas de richelle, Vlaams-Brabant, België",,51.0293894,3.794063299999999,OK,
219,Kasteel ommerstein,https://kastelenbelgie.be/nl/kasteel-ommerstein-te-rotem-bij-dilsen/,Vlaams-Brabant,"de Schiervellaan 1, 3650 Dilsen-Stokkem, België",OK,"Kasteel ommerstein, Vlaams-Brabant, België",,51.0463709,5.7419205,OK,
218,Kasteel van saffelberg,https://kastelenbelgie.be/nl/kasteel-van-saffelberg-gooik/,Vlaams-Brabant,"Oplombeekstraat 6, 1755 Pajottegem, België",OK,"Kasteel van saffelberg, Vlaams-Brabant, België",,50.8061595,4.122946,OK,
217,Waterkasteel van schoonbeek,https://kastelenbelgie.be/nl/waterkasteel-van-schoonbeek-te-beverst-gemeente-bilzen/,Antwerpen,"Waterkasteelstraat, 3740 Bilzen-Hoeselt, België",OK,"Waterkasteel van schoonbeek, Antwerpen, België",,50.9028466,5.4799433,OK,
216,Kasteel van coloma,https://kastelenbelgie.be/nl/kasteel-van-coloma-te-sint-pieters-leeuw/,Antwerpen,"Antwerpen, België",OK,"Kasteel van coloma, Antwerpen, België",,51.2199302,4.414990299999999,OK,
214,Kasteel wittouck,https://kastelenbelgie.be/nl/kasteel-wittouck-sint-pieters-leeuw/,Namen,"Namen, België",OK,"Kasteel wittouck, Namen, België",,50.46493340000001,4.864973099999999,OK,
213,Kasteel hoogveld,https://kastelenbelgie.be/nl/kasteel-hoogveld-veldegem/,Namen,"Kasteel Hoogveld, Hoogveldstraat 21, 3724 Hasselt, België",OK,"Kasteel hoogveld, Namen, België",,50.83141939999999,5.4339568,OK,
212,Kasteel blauwhuis,https://kastelenbelgie.be/nl/kasteel-blauwhuis-izegem/,Luik,"Luik, België",OK,"Kasteel blauwhuis, Luik, België",,50.6402286,5.5689372,OK,
211,Kasteel isschot,https://kastelenbelgie.be/nl/kasteel-isschot-itegem/,Luik,"Isschotweg 75, 2222 Heist-op-den-Berg, België",OK,"Kasteel isschot, Luik, België",,51.0960565,4.7125178,OK,
210,Kasteel diependael,https://kastelenbelgie.be/nl/kasteel-diependael-elewijt/,Antwerpen,"'t Plein 1, 2800 Mechelen, België",OK,"Kasteel diependael, Antwerpen, België",,51.0240208,4.479614499999999,OK,
209,Kasteel van freyr,https://kastelenbelgie.be/nl/kasteel-van-freyr-freyr/,Antwerpen,"Antwerpen, België",OK,"Kasteel van freyr, Antwerpen, België",,51.2199302,4.414990299999999,OK,
208,Kasteel van dieupart,https://kastelenbelgie.be/nl/kasteel-van-dieupart-aywaille/,Antwerpen,"Antwerpen, België",OK,"Kasteel van dieupart, Antwerpen, België",,51.2199302,4.414990299999999,OK,
207,Kasteel diepenbroeck,https://kastelenbelgie.be/nl/kasteel-diepenbroeck-lovendegem/,West-Vlaanderen,"West-Vlaanderen, België",OK,"Kasteel diepenbroeck, West-Vlaanderen, België",,51.0536024,3.1457942,OK,
206,Hof van liere,https://kastelenbelgie.be/nl/hof-van-liere-zandhoven/,West-Vlaanderen,"Kasteel Doggenhout, Ranstsesteenweg 183, 2520 Ranst, België",OK,"Hof van liere, West-Vlaanderen, België",,51.1869666,4.560558599999999,OK,
205,Kasteel bouckenborgh,https://kastelenbelgie.be/nl/kasteel-bouckenborgh-merksem/,Oost-Vlaanderen,"Bredabaan 555, 2170 Antwerpen, België",OK,"Kasteel bouckenborgh, Oost-Vlaanderen, België",,51.2446561,4.454159700000001,OK,
204,Kasteel befferhof,https://kastelenbelgie.be/nl/kasteel-befferhof-bonheiden/,Oost-Vlaanderen,"Befferdreef 15, 2820 Bonheiden, België",OK,"Kasteel befferhof, Oost-Vlaanderen, België",,51.0289797,4.5174382,OK,
203,Kasteel pulhof,https://kastelenbelgie.be/nl/kasteel-pulhof-wijnegem/,Oost-Vlaanderen,"'s Gravenwezelsteenweg 63, 2110 Schilde, België",OK,"Kasteel pulhof, Oost-Vlaanderen, België",,51.2360701,4.5350784,OK,
202,Kasteel belvedere,https://kastelenbelgie.be/nl/kasteel-belvedere-te-laken-brussel/,Oost-Vlaanderen,"Broekstraat 13, 2110 Wijnegem, België",OK,"Kasteel belvedere, Oost-Vlaanderen, België",,51.236839,4.520743899999999,OK,
201,Kasteel van tieghem,https://kastelenbelgie.be/nl/kasteel-van-tieghem-de-ten-berghe-mariakerke/,Brussel,"Brussel, België",OK,"Kasteel van tieghem, Brussel, België",,50.84770289999999,4.357200100000001,OK,
200,Kasteel van tillegem,https://kastelenbelgie.be/nl/kasteel-van-tillegem-sint-michiels/,Antwerpen,"Kasteel van Tillegem, Tillegemstraat 81, 8200 Brugge, België",OK,"Kasteel van tillegem, Antwerpen, België",,51.176626,3.1977516,OK,
199,Kasteel ravenhof,https://kastelenbelgie.be/nl/kasteel-ravenhof-torhout-torhout/,Antwerpen,"Kasteel Ravenhof, 2940 Stabroek, België",OK,"Kasteel ravenhof, Antwerpen, België",,51.3537022,4.386256599999999,OK,
198,Kasteel van zellaer,https://kastelenbelgie.be/nl/kasteel-van-zellaer-bonheiden/,Vlaams-Brabant,"Zellaerdreef 1, 2820 Bonheiden, België",OK,"Kasteel van zellaer, Vlaams-Brabant, België",,51.0333368,4.5377658,OK,
197,Kasteel de blankaart,https://kastelenbelgie.be/nl/kasteel-de-blankaart-diksmuide/,Brussel,"Brussel, België",OK,"Kasteel de blankaart, Brussel, België",,50.84770289999999,4.357200100000001,OK,
196,Kasteel van berlare,https://kastelenbelgie.be/nl/kasteel-van-berlare-berlare/,Oost-Vlaanderen,"Frankrijkstraat 1, 9290 Berlare, België",OK,"Kasteel van berlare, Oost-Vlaanderen, België",,51.0233009,4.004032899999999,OK,
195,Paleis op de koudenberg,https://kastelenbelgie.be/nl/paleis-op-de-koudenberg-te-brussel/,Oost-Vlaanderen,"Paleizenplein 7, 1000 Brussel, België",OK,"Paleis op de koudenberg, Oost-Vlaanderen, België",,50.8426244,4.360537799999999,OK,
194,Kasteel selsaete,https://kastelenbelgie.be/nl/kasteel-selsaete-wommelgem/,Oost-Vlaanderen,"2160, Selsaetenstraat 50, 2520 Ranst, België",OK,"Kasteel selsaete, Oost-Vlaanderen, België",,51.2002058,4.530621,OK,
193,Kasteel mariahove,https://kastelenbelgie.be/nl/kasteel-mariahove-bellem/,Oost-Vlaanderen,"Mariahovelaan 2, 9881 Aalter, België",OK,"Kasteel mariahove, Oost-Vlaanderen, België",,51.0865348,3.4939703,OK,
192,Kasteel de bist,https://kastelenbelgie.be/nl/kasteel-de-bist-ekeren/,Oost-Vlaanderen,"Beukenlaan 16, 2560 Nijlen, België",OK,"Kasteel de bist, Oost-Vlaanderen, België",,51.1460149,4.6036412,OK,
191,Kasteel mussenborg,https://kastelenbelgie.be/nl/kasteel-mussenborg-edegem/,West-Vlaanderen,"Mechelsesteenweg 396, 2650 Edegem, België",OK,"Kasteel mussenborg, West-Vlaanderen, België",,51.1602042,4.4551045,OK,
190,Kasteel arendsnest,https://kastelenbelgie.be/nl/kasteel-arendsnest-edegem/,West-Vlaanderen,"Boerenlegerstraat 181, 2650 Edegem, België",OK,"Kasteel arendsnest, West-Vlaanderen, België",,51.1484507,4.4382829,OK,
189,Kasteel van s gravenwezel,https://kastelenbelgie.be/nl/kasteel-van-s-gravenwezel-s-gravenwezel/,Luxemburg,"'s-Gravenwezel, 2970 Schilde, België",OK,"Kasteel van s gravenwezel, Luxemburg, België",,51.26292000000001,4.56096,OK,
188,Kasteel van gravenhof,https://kastelenbelgie.be/nl/kasteel-van-gravenhof-te-dworp/,Luxemburg,"Luxemburg, België",OK,"Kasteel van gravenhof, Luxemburg, België",,50.0546886,5.467698299999999,OK,
187,Kasteel tudor,https://kastelenbelgie.be/nl/kasteel-tudor-sint-andries/,Henegouwen,"Zeeweg 147, 8200 Brugge, België",OK,"Kasteel tudor, Henegouwen, België",,51.1709594,3.1675621,OK,
186,Kasteel ter beken,https://kastelenbelgie.be/nl/kasteel-ter-beken-mariakerke-gent/,Vlaams-Brabant,"Beekstraat 1-3, 9030 Gent, België",OK,"Kasteel ter beken, Vlaams-Brabant, België",,51.07430369999999,3.6668153,OK,
185,Kasteel van nokere,https://kastelenbelgie.be/nl/kasteel-van-nokere-nokere-kruishoutem/,Antwerpen,"Antwerpen, België",OK,"Kasteel van nokere, Antwerpen, België",,51.2199302,4.414990299999999,OK,
184,Kasteel borgwal,https://kastelenbelgie.be/nl/kasteel-borgwal-gavere/,West-Vlaanderen,"Leenstraat 36, 9890 Gavere, België",OK,"Kasteel borgwal, West-Vlaanderen, België",,50.9492838,3.684499299999999,OK,
183,Kasteel van Boussu,https://kastelenbelgie.be/nl/kasteel-van-boussu-boussu/,Oost-Vlaanderen,"Kasteel van Boussu, Rue du Moulin 43, 7300 Boussu, België",OK,"Kasteel van Boussu, Oost-Vlaanderen, België",,50.4373939,3.7945925,OK,
182,Het wit kasteel,https://kastelenbelgie.be/nl/het-wit-kasteel-te-linden/,Antwerpen,"Antwerpen, België",OK,"Het wit kasteel, Antwerpen, België",,51.2199302,4.414990299999999,OK,
181,Kasteel van La Roche-en-Ardenne,https://kastelenbelgie.be/nl/kasteel-van-la-roche-en-ardenne-la-roche-en-ardenne/,Luxemburg,"Rue du, Vieux Chateau 4, 6980 La Roche-en-Ardenne, België",OK,"Kasteel van La Roche-en-Ardenne, Luxemburg, België",,50.1062366,5.6576226,OK,
180,Kasteel groenendaal,https://kastelenbelgie.be/nl/kasteel-groenendaal-te-waltwilder-gemeente-bilzen/,Vlaams-Brabant,"Groenendaal 1, 3740 Bilzen-Hoeselt, België",OK,"Kasteel groenendaal, Vlaams-Brabant, België",,50.8795171,5.5405584,OK,
179,Kasteel van Spiere,https://kastelenbelgie.be/nl/kasteel-van-spiere-spiere/,West-Vlaanderen,"Jacquetbosstraat 50-52, 8587 Spiere-Helkijn, België",OK,"Kasteel van Spiere, West-Vlaanderen, België",,50.7232413,3.3527892,OK,
178,Kasteel daspremont lynden,https://kastelenbelgie.be/nl/kasteel-daspremont-lynden-oud-rekem-gemeente-lanaken/,Henegouwen,"Henegouwen, België",OK,"Kasteel daspremont lynden, Henegouwen, België",,50.5257076,4.062101699999999,OK,
177,Kasteel daalbroek,https://kastelenbelgie.be/nl/kasteel-daalbroek-rekem/,Henegouwen,"Henegouwen, België",OK,"Kasteel daalbroek, Henegouwen, België",,50.5257076,4.062101699999999,OK,
176,Kasteel ter leyen,https://kastelenbelgie.be/nl/kasteel-ter-leyen-boekhoute/,Oost-Vlaanderen,"Boekhoutedorpstraat 5, 9961 Assenede, België",OK,"Kasteel ter leyen, Oost-Vlaanderen, België",,51.2516687,3.7098678,OK,
175,Kasteel van wakken,https://kastelenbelgie.be/nl/kasteel-van-wakken-wakken/,West-Vlaanderen,"Kasteeldreef 9, 8720 Dentergem, België",OK,"Kasteel van wakken, West-Vlaanderen, België",,50.9310409,3.4004718,OK,
174,Kasteel t hooghe,https://kastelenbelgie.be/nl/kasteel-t-hooghe-kortrijk/,West-Vlaanderen,"8902 Ieper, België",OK,"Kasteel t hooghe, West-Vlaanderen, België",,50.8197705,2.9127007,OK,
173,Kasteel van olsene,https://kastelenbelgie.be/nl/kasteel-van-olsene-olsene-zulte/,West-Vlaanderen,"Grote Steenweg 21, 9870 Zulte, België",OK,"Kasteel van olsene, West-Vlaanderen, België",,50.9403081,3.4733626,OK,
172,Kasteel duras,https://kastelenbelgie.be/nl/kasteel-duras-te-duras/,Limburg,"Park 1, 3803 Sint-Truiden, België",OK,"Kasteel duras, Limburg, België",,50.8412002,5.1577164,OK,
171,Kasteel hovorst,https://kastelenbelgie.be/nl/kasteel-hovorst-viersel/,Vlaams-Brabant,"2240 Zandhoven, België",OK,"Kasteel hovorst, Vlaams-Brabant, België",,51.2021793,4.6554212,OK,
170,Kasteel de blauwe toren,https://kastelenbelgie.be/nl/kasteel-de-blauwe-toren-varsenare/,Antwerpen,"Antwerpen, België",OK,"Kasteel de blauwe toren, Antwerpen, België",,51.2199302,4.414990299999999,OK,
169,Bisschoppenhof,https://kastelenbelgie.be/nl/bisschoppenhof-deurne/,Antwerpen,"Bisschoppenhoflaan, 2100 Antwerpen, België",OK,"Bisschoppenhof, Antwerpen, België",,51.2335689,4.4639514,OK,
168,Kasteel van Vêves,https://kastelenbelgie.be/nl/kasteel-van-veves-te-celles/,Namen,"Rue de Furfooz 3, 5561 Houyet, België",OK,"Kasteel van Vêves, Namen, België",,50.22075760000001,4.9825415,OK,
167,Kasteel miranda,https://kastelenbelgie.be/nl/kasteel-miranda-celles/,Namen,"Namen, België",OK,"Kasteel miranda, Namen, België",,50.46493340000001,4.864973099999999,OK,
166,Kasteel van veulen,https://kastelenbelgie.be/nl/kasteel-van-veulen-veulen/,Namen,"Kasteelstraat, 3870 Heers, België",OK,"Kasteel van veulen, Namen, België",,50.7698903,5.3602246,OK,
165,Kasteel van nieuwenhoven,https://kastelenbelgie.be/nl/kasteel-van-nieuwenhoven-te-sint-truiden/,Limburg,"Engelbamp 55, 3800 Sint-Truiden, België",OK,"Kasteel van nieuwenhoven, Limburg, België",,50.8564911,5.2090263,OK,
164,Kasteel van altena,https://kastelenbelgie.be/nl/kasteel-van-altena-kontich/,Oost-Vlaanderen,"9500 Geraardsbergen, België",OK,"Kasteel van altena, Oost-Vlaanderen, België",,50.7705978,3.8871336,OK,
163,Kasteel scheldevelde,https://kastelenbelgie.be/nl/kasteel-scheldevelde-de-pinte/,Oost-Vlaanderen,"Kasteel Scheldevelde, Scheldeveldestraat, 9840 Nazareth-De Pinte, België",OK,"Kasteel scheldevelde, Oost-Vlaanderen, België",,50.9935669,3.663743,OK,
162,Kasteel nieuwland,https://kastelenbelgie.be/nl/kasteel-nieuwland-te-aarschot/,Oost-Vlaanderen,"Beemdenstraat 61, 3200 Aarschot, België",OK,"Kasteel nieuwland, Oost-Vlaanderen, België",,50.9780783,4.7945547,OK,
161,Kasteel van rivieren,https://kastelenbelgie.be/nl/kasteel-van-rivieren-te-aarschot/,Vlaams-Brabant,"Begijnendijksesteenweg 221, 3200 Aarschot, België",OK,"Kasteel van rivieren, Vlaams-Brabant, België",,50.9787273,4.7839442,OK,
160,Kasteel cantecroy,https://kastelenbelgie.be/nl/kasteel-cantecroy-mortsel/,Antwerpen,"Cantecroylaan 30, 2640 Mortsel, België",OK,"Kasteel cantecroy, Antwerpen, België",,51.17659750000001,4.4627664,OK,
159,Kasteel van wideux,https://kastelenbelgie.be/nl/kasteel-van-wideux-hasselt/,Luik,"Wideuxdreef 2, 3500 Hasselt, België",OK,"Kasteel van wideux, Luik, België",,50.90853569999999,5.281623,OK,
158,Kasteel van mombeek,https://kastelenbelgie.be/nl/kasteel-van-mombeek-hasselt/,Luik,"Mombeekdreef 98, 3500 Hasselt, België",OK,"Kasteel van mombeek, Luik, België",,50.8875317,5.366553199999999,OK,
157,Kasteel bayard,https://kastelenbelgie.be/nl/kasteel-bayard-dhuy/,Namen,"Namen, België",OK,"Kasteel bayard, Namen, België",,50.46493340000001,4.864973099999999,OK,
156,Kasteel le fy,https://kastelenbelgie.be/nl/kasteel-le-fy-esneux/,Namen,"Namen, België",OK,"Kasteel le fy, Namen, België",,50.46493340000001,4.864973099999999,OK,
155,Kasteel van Attre,https://kastelenbelgie.be/nl/kasteel-van-attre-attre/,Henegouwen,"Av. du Château 8, 7941 Brugelette, België",OK,"Kasteel van Attre, Henegouwen, België",,50.60817249999999,3.841874,OK,
154,Kasteel van corroy le chateau,https://kastelenbelgie.be/nl/kasteel-van-corroy-le-chateau-corroy-le-chateau/,Namen,"Rue du Château de Corroy 4, 5032 Gembloux, België",OK,"Kasteel van corroy le chateau, Namen, België",,50.5329233,4.6563546,OK,
153,Kasteel des cailloux,https://kastelenbelgie.be/nl/kasteel-des-cailloux-geldenaken/,Waals-Brabant,"Rue des Cailloux, 1330 Rixensart, België",OK,"Kasteel des cailloux, Waals-Brabant, België",,50.7109987,4.5117042,OK,
152,Kasteel van moriensart,https://kastelenbelgie.be/nl/kasteel-van-moriensart-ceroux-mousty/,Waals-Brabant,"Rue de Moriensart 9, 1341 Ottignies-Louvain-la-Neuve, België",OK,"Kasteel van moriensart, Waals-Brabant, België",,50.666357,4.5068138,OK,
151,Kasteel rose,https://kastelenbelgie.be/nl/kasteel-rose-orp-le-petit/,Waals-Brabant,"1350 Orp-Jauche, België",OK,"Kasteel rose, Waals-Brabant, België",,50.68298,4.9547,OK,
150,Kasteel van sombreffe,https://kastelenbelgie.be/nl/kasteel-van-sombreffe-sombreffe/,Waals-Brabant,"Rue du Château 1, 5140 Sombreffe, België",OK,"Kasteel van sombreffe, Waals-Brabant, België",,50.5310176,4.5962855,OK,
149,Kasteel van rond,https://kastelenbelgie.be/nl/kasteel-van-rond-chene-esneux/,Namen,"Rue du Château 8, 5580 Rochefort, België",OK,"Kasteel van rond, Namen, België",,50.1156176,5.0923384,OK,
148,Chateau de Prelle,https://kastelenbelgie.be/nl/chateau-de-prelle-manage/,Luik,"Luik, België",OK,"Chateau de Prelle, Luik, België",,50.6402286,5.5689372,OK,
147,Kasteel van obsinnich remersdaal te voeren,https://kastelenbelgie.be/nl/kasteel-van-obsinnich-remersdaal-te-voeren/,Luik,"Obsinnich 6, 3791 Voeren, België",OK,"Kasteel van obsinnich remersdaal te voeren, Luik, België",,50.7418402,5.8906059,OK,
146,Kasteel rouge bas,https://kastelenbelgie.be/nl/kasteel-rouge-bas-oha-wanze/,Namen,"Namen, België",OK,"Kasteel rouge bas, Namen, België",,50.46493340000001,4.864973099999999,OK,
145,Kasteel laide,https://kastelenbelgie.be/nl/kasteel-laide-fagne-steinbach/,Luik,"Luik, België",OK,"Kasteel laide, Luik, België",,50.6402286,5.5689372,OK,
144,Kasteel la motte,https://kastelenbelgie.be/nl/kasteel-la-motte-te-sint-ulriks-kapelle/,Namen,"Lumbeekstraat 20, 1700 Dilbeek, België",OK,"Kasteel la motte, Namen, België",,50.8819005,4.215182899999999,OK,
143,Kasteel van waleffe,https://kastelenbelgie.be/nl/kasteel-van-waleffe-les-waleffes/,Luik,"Rue de Borlez 45, 4317 Faimes, België",OK,"Kasteel van waleffe, Luik, België",,50.63682439999999,5.229085,OK,
142,Commanderij van sint pieters voeren,https://kastelenbelgie.be/nl/commanderij-van-sint-pieters-voeren-te-sint-pieters-voeren-te-voeren/,Luik,"Commanderie 1, 3792 Voeren, België",OK,"Commanderij van sint pieters voeren, Luik, België",,50.7366447,5.8221694,OK,
141,Kasteel kijckuit,https://kastelenbelgie.be/nl/kasteel-kijckuit-wijnegem/,Luik,"Luik, België",OK,"Kasteel kijckuit, Luik, België",,50.6402286,5.5689372,OK,
140,Kasteel van moerkerke,https://kastelenbelgie.be/nl/kasteel-van-moerkerke-moerkerke/,Vlaams-Brabant,"Kasteelstraat 7, 8340 Damme, België",OK,"Kasteel van moerkerke, Vlaams-Brabant, België",,51.2447471,3.3407486,OK,
139,Kasteel walburg,https://kastelenbelgie.be/nl/kasteel-walburg-sint-niklaas/,Antwerpen,"Walburgstraat 35, 9100 Sint-Niklaas, België",OK,"Kasteel walburg, Antwerpen, België",,51.16287639999999,4.1459681,OK,
138,Kasteel van rullingen,https://kastelenbelgie.be/nl/kasteel-van-rullingen-te-kuttekoven-gemeente-borgloon/,Antwerpen,"Borgloon Rullingen Kasteel, 3840 Tongeren-Borgloon, België",OK,"Kasteel van rullingen, Antwerpen, België",,50.8149718,5.315347800000001,OK,
137,Kasteel de merode,https://kastelenbelgie.be/nl/kasteel-de-merode-westerlo/,Namen,"Polderstraat 51, 2260 Westerlo, België",OK,"Kasteel de merode, Namen, België",,51.0839186,4.9173011,OK,
136,Waterkasteel van moorsel,https://kastelenbelgie.be/nl/waterkasteel-van-moorsel-moorsel/,Vlaams-Brabant,"Waterkasteel, 9310 Aalst, België",OK,"Waterkasteel van moorsel, Vlaams-Brabant, België",,50.9468747,4.1017319,OK,
135,Kasteel terlinden,https://kastelenbelgie.be/nl/kasteel-terlinden-aalst/,Limburg,"Limburg, België",OK,"Kasteel terlinden, Limburg, België",,50.9738973,5.3419677,OK,
134,Kasteel reinhardstein,https://kastelenbelgie.be/nl/kasteel-reinhardstein-burg-metternich-te-weismes/,Luxemburg,"Burcht Reinhardstein, Chem. du Cheneux 50/50, 4950, 4950 Waimes, België",OK,"Kasteel reinhardstein, Luxemburg, België",,50.4527748,6.102467600000001,OK,
133,Kasteel groenendaal,https://kastelenbelgie.be/nl/kasteel-groenendaal-merksem/,Antwerpen,"Kasteel Groenendaal, 2170 Antwerpen, België",OK,"Kasteel groenendaal, Antwerpen, België",,51.24335869999999,4.4335317,OK,
132,Kastelen in Limburg,https://kastelenbelgie.be/nl/kastelen-limburg/,Antwerpen,,SKIPPED_INDEX,,,,,NO_ADDRESS,
131,Kasteel van La Berlière,https://kastelenbelgie.be/nl/kasteel-van-la-berliere-houtaing/,Antwerpen,"Antwerpen, België",OK,"Kasteel van La Berlière, Antwerpen, België",,51.2199302,4.414990299999999,OK,
130,Waterslot cleydael,https://kastelenbelgie.be/nl/waterslot-cleydael-aartselaar/,Antwerpen,"Cleydaellaan 36, 2630 Aartselaar, België",OK,"Waterslot cleydael, Antwerpen, België",,51.1382815,4.363924,OK,
129,Kasteel van vianden,https://kastelenbelgie.be/nl/kasteel-van-vianden-vianden/,Antwerpen,"Antwerpen, België",OK,"Kasteel van vianden, Antwerpen, België",,51.2199302,4.414990299999999,OK,
128,De hof van veltwijck,https://kastelenbelgie.be/nl/de-hof-van-veltwijck-ekeren/,Antwerpen,"Veltwijcklaan 27, 2180 Antwerpen, België",OK,"De hof van veltwijck, Antwerpen, België",,51.27637470000001,4.424551999999999,OK,
127,De berlaarhof,https://kastelenbelgie.be/nl/de-berlaarhof-berlaar/,Antwerpen,"Antwerpen, België",OK,"De berlaarhof, Antwerpen, België",,51.2199302,4.414990299999999,OK,
126,Kasteel van schoten,https://kastelenbelgie.be/nl/kasteel-van-schoten-schoten/,Vlaams-Brabant,"Kasteel van Schoten (kasteel Wetschot), Kasteeldreef 61, 2900 Schoten, België",OK,"Kasteel van schoten, Vlaams-Brabant, België",,51.2447892,4.4890992,OK,
125,Kasteel waalborre,https://kastelenbelgie.be/nl/kasteel-waalborre-te-asse/,Vlaams-Brabant,"Parklaan 20, 1730 Asse, België",OK,"Kasteel waalborre, Vlaams-Brabant, België",,50.9056799,4.2048778,OK,
124,Kasteel fallon de keyser,https://kastelenbelgie.be/nl/kasteel-fallon-de-keyser-destelbergen/,Oost-Vlaanderen,"9070 Destelbergen, België",OK,"Kasteel fallon de keyser, Oost-Vlaanderen, België",,51.0392162,3.8061631,OK,
123,Kasteel puyenbrug,https://kastelenbelgie.be/nl/kasteel-puyenbrug-domein-puyenbroeck-wachtebeke/,Oost-Vlaanderen,"Puyenbrug 5, 9185 Lochristi, België",OK,"Kasteel puyenbrug, Oost-Vlaanderen, België",,51.1490037,3.8662061,OK,
122,Kasteel van strijtem,https://kastelenbelgie.be/nl/kasteel-van-strijtem-strijtem/,Oost-Vlaanderen,"Schilder Evenepoelstraat 7, 1760 Roosdaal, België",OK,"Kasteel van strijtem, Oost-Vlaanderen, België",,50.83910270000001,4.1153453,OK,
121,Kasteel borluut,https://kastelenbelgie.be/nl/kasteel-borluut-sint-denijs-westrem/,Henegouwen,"Kleine Gentstraat 46, 9051 Gent, België",OK,"Kasteel borluut, Henegouwen, België",,51.0193003,3.6569762,OK,
120,Kasteel de campagne,https://kastelenbelgie.be/nl/kasteel-de-campagne-drongen-gent/,Namen,"Namen, België",OK,"Kasteel de campagne, Namen, België",,50.46493340000001,4.864973099999999,OK,
119,Kasteel van seraing,https://kastelenbelgie.be/nl/kasteel-van-seraing-le-chateau-seraing-le-chateau/,Vlaams-Brabant,"Kasteel van Cleerbeek, Kasteeldreef 4, 3390 Tielt-Winge, België",OK,"Kasteel van seraing, Vlaams-Brabant, België",,50.9207732,4.8473424,OK,
118,Kasteel du lac genval,https://kastelenbelgie.be/nl/kasteel-du-lac-genval/,Brussel,"Meer van Genval, België",OK,"Kasteel du lac genval, Brussel, België",,50.7289344,4.520256799999999,OK,
117,Kasteel van regelsbrugge,https://kastelenbelgie.be/nl/kasteel-van-regelsbrugge-aalst/,Antwerpen,"Kwalestraat 119, 9320 Aalst, België",OK,"Kasteel van regelsbrugge, Antwerpen, België",,50.9301828,4.0226426,OK,
116,Braemkasteel,https://kastelenbelgie.be/nl/braemkasteel-gentbrugge/,Oost-Vlaanderen,"Braemkasteelstraat, 9050 Gent, België",OK,"Braemkasteel, Oost-Vlaanderen, België",,51.0365709,3.7638406,OK,
115,Kasteel viteux,https://kastelenbelgie.be/nl/kasteel-viteux-de-pinte/,Oost-Vlaanderen,"Kerkplein 8, 9840 Nazareth-De Pinte, België",OK,"Kasteel viteux, Oost-Vlaanderen, België",,50.9920895,3.6490636,OK,
114,Kasteel borrekens,https://kastelenbelgie.be/nl/kasteel-borrekens-vorselaar/,Oost-Vlaanderen,"Vispluk 3, 2290 Vorselaar, België",OK,"Kasteel borrekens, Oost-Vlaanderen, België",,51.2108392,4.784543999999999,OK,
113,Kasteel van jeanne,https://kastelenbelgie.be/nl/kasteel-van-jeanne-de-merode-nieuw-kasteel-westerlo/,Oost-Vlaanderen,"Oost-Vlaanderen, België",OK,"Kasteel van jeanne, Oost-Vlaanderen, België",,51.0362101,3.7373124,OK,
112,Kasteel van brasschaat,https://kastelenbelgie.be/nl/kasteel-van-brasschaat-brasschaat/,Antwerpen,"Hemelhoevedreef 1, 2930 Brasschaat, België",OK,"Kasteel van brasschaat, Antwerpen, België",,51.2885708,4.4978037,OK,
111,Gaverkasteel,https://kastelenbelgie.be/nl/gaverkasteel-deerlijk/,Vlaams-Brabant,"Vercruysse de Solartstraat 26, 8540 Deerlijk, België",OK,"Gaverkasteel, Vlaams-Brabant, België",,50.8464359,3.3535526,OK,
110,Kasteel gavergracht,https://kastelenbelgie.be/nl/kasteel-gavergracht-vinderhoute/,Antwerpen,"Gavergracht, 9030 Lievegem, België",OK,"Kasteel gavergracht, Antwerpen, België",,51.0833333,3.6666667,OK,
109,Kasteel lozer,https://kastelenbelgie.be/nl/kasteel-lozer-lozer-kruishoutem/,Antwerpen,"Antwerpen, België",OK,"Kasteel lozer, Antwerpen, België",,51.2199302,4.414990299999999,OK,
108,De hof ter beke,https://kastelenbelgie.be/nl/de-hof-ter-beke-wilrijk/,Vlaams-Brabant,"Hof ter Beke, Terbekehofdreef 13, 2610 Antwerpen, België",OK,"De hof ter beke, Vlaams-Brabant, België",,51.1518884,4.3801643,OK,
107,Kasteel solvay,https://kastelenbelgie.be/nl/kasteel-solvay-kasteel-van-ter-hulpen-terhulpen/,Antwerpen,"Scheldelaan 480, 2040 Antwerpen, België",OK,"Kasteel solvay, Antwerpen, België",,51.3239432,4.2884863,OK,
106,Kasteel claeys bouuaert,https://kastelenbelgie.be/nl/kasteel-claeys-bouuaert-mariakerke/,Antwerpen,"Kasteeldreef 2/6, 9030 Gent, België",OK,"Kasteel claeys bouuaert, Antwerpen, België",,51.0760977,3.674570299999999,OK,
105,Kasteel van villers schoten,https://kastelenbelgie.be/nl/kasteel-van-villers-schoten/,Luxemburg,"Villerslei 135, 2900 Schoten, België",OK,"Kasteel van villers schoten, Luxemburg, België",,51.2510622,4.523113599999999,OK,
104,Kasteel van blekkom,https://kastelenbelgie.be/nl/kasteel-van-blekkom-loksbergen/,Luxemburg,"Lindestraat 124, 3545 Halen, België",OK,"Kasteel van blekkom, Luxemburg, België",,50.92165720000001,5.0731281,OK,
103,Kasteel de pelichy,https://kastelenbelgie.be/nl/kasteel-de-pelichy-gent/,Luxemburg,België,OK,"Kasteel de pelichy, Luxemburg, België",,50.503887,4.469936,OK,
102,Hof van ringen,https://kastelenbelgie.be/nl/hof-van-ringen-lier/,Henegouwen,"Unnamed Road, 2500 Lier, België",OK,"Hof van ringen, Henegouwen, België",,51.1208918,4.5911588,OK,
101,Kasteel slotendries,https://kastelenbelgie.be/nl/kasteel-slotendries-oostakker/,Namen,"Onze Lieve Vrouwdreef 8, 9041 Gent, België",OK,"Kasteel slotendries, Namen, België",,51.0824308,3.7631083,OK,
100,Vrieselhof,https://kastelenbelgie.be/nl/vrieselhof-oelegem/,Antwerpen,"Schildesteenweg 99, 2520 Ranst, België",OK,"Vrieselhof, Antwerpen, België",,51.21953999999999,4.6065337,OK,
99,Kasteel marnix de sainte aldegonde,https://kastelenbelgie.be/nl/kasteel-marnix-de-sainte-aldegonde-bornem/,Henegouwen,"Kasteelstraat 35, 2880 Bornem, België",OK,"Kasteel marnix de sainte aldegonde, Henegouwen, België",,51.10163,4.21911,OK,
98,Kasteel lhirondelle,https://kastelenbelgie.be/nl/kasteel-lhirondelle-oteppe/,Namen,"Namen, België",OK,"Kasteel lhirondelle, Namen, België",,50.46493340000001,4.864973099999999,OK,
97,Kasteel van Mirwart,https://kastelenbelgie.be/nl/kasteel-van-mirwart-mirwart-saint-hubert/,Luxemburg,"Rue du Château 29, 6870 Saint-Hubert, België",OK,"Kasteel van Mirwart, Luxemburg, België",,50.0543829,5.2577869,OK,
96,Waterburcht millen,https://kastelenbelgie.be/nl/waterburcht-millen-millen-te-riemst/,Luxemburg,"Kattestraat 22, 3770 Riemst, België",OK,"Waterburcht millen, Luxemburg, België",,50.7861006,5.5588532,OK,
95,Kasteel van weillen,https://kastelenbelgie.be/nl/kasteel-van-weillen-weilen/,Namen,"Rue du Château 8, 5580 Rochefort, België",OK,"Kasteel van weillen, Namen, België",,50.1156176,5.0923384,OK,
94,De hof van riemen,https://kastelenbelgie.be/nl/de-hof-van-riemen-heist-op-den-berg/,Antwerpen,"Orshagenstraat 11, 2220 Heist-op-den-Berg, België",OK,"De hof van riemen, Antwerpen, België",,51.0691335,4.729837300000001,OK,
93,Kastelen in Antwerpen,https://kastelenbelgie.be/nl/kastelen-antwerpen/,-,,SKIPPED_INDEX,,,,,NO_ADDRESS,
92,Kastelen in Henegouwen,https://kastelenbelgie.be/nl/kastelen-henegouwen/,-,,SKIPPED_INDEX,,,,,NO_ADDRESS,
91,Kastelen in Namen,https://kastelenbelgie.be/nl/kastelen-namen/,-,,SKIPPED_INDEX,,,,,NO_ADDRESS,
90,Kaart,https://kastelenbelgie.be/nl/kaart/,-,België,OK,"Kaart, -, België",,50.503887,4.469936,OK,
13,Home,https://kastelenbelgie.be/,-,België,OK,"Home, -, België",,50.503887,4.469936,OK,
